agent,dataset,constant_dataset,hps,phase_num,mean_squared_error,mean_absolute_error,max_error
HIQL,"antmaze-large-explore-v0,antmaze-large-explore80navigate-v0,antmaze-large-explore40navigate-v0,antmaze-large-navigate-v0",False,"frozenset({'discount', 'lr'})",1,0.003391289126428624,0.04609139051106291,0.11696192378796608
HIQL,"antmaze-large-explore-v0,antmaze-large-explore80navigate-v0,antmaze-large-explore40navigate-v0,antmaze-large-navigate-v0",False,"frozenset({'discount', 'lr'})",2,0.0015482255676902456,0.029517654373382746,0.08077331384598352
HIQL,"antmaze-large-explore-v0,antmaze-large-explore80navigate-v0,antmaze-large-explore40navigate-v0,antmaze-large-navigate-v0",False,"frozenset({'discount', 'lr'})",3,0.0034262685639340693,0.04364798804055009,0.12234464013439812
HIQL,"antmaze-large-explore-v0,antmaze-large-explore80navigate-v0,antmaze-large-explore40navigate-v0,antmaze-large-navigate-v0",False,"frozenset({'discount', 'lr'})",4,0.003613956138587824,0.04196348263401194,0.14367367368412895
HIQL,"antmaze-large-explore40navigate-v0,antmaze-large-explore40navigate-v0,antmaze-large-explore40navigate-v0,antmaze-large-explore40navigate-v0",True,"frozenset({'discount', 'lr'})",1,0.0025087493255547904,0.0394272433402625,0.11082326007781487
HIQL,"antmaze-large-explore40navigate-v0,antmaze-large-explore40navigate-v0,antmaze-large-explore40navigate-v0,antmaze-large-explore40navigate-v0",True,"frozenset({'discount', 'lr'})",2,0.00355483823038535,0.042889827796544516,0.13048400074189548
HIQL,"antmaze-large-explore40navigate-v0,antmaze-large-explore40navigate-v0,antmaze-large-explore40navigate-v0,antmaze-large-explore40navigate-v0",True,"frozenset({'discount', 'lr'})",3,0.0025136268124197315,0.036527435648149406,0.1166726924939551
HIQL,"antmaze-large-explore40navigate-v0,antmaze-large-explore40navigate-v0,antmaze-large-explore40navigate-v0,antmaze-large-explore40navigate-v0",True,"frozenset({'discount', 'lr'})",4,0.0024854666467888356,0.03800217321798521,0.10858327823522824
HIQL,"antmaze-large-explore80navigate-v0,antmaze-large-explore80navigate-v0,antmaze-large-explore80navigate-v0,antmaze-large-explore80navigate-v0",True,"frozenset({'discount', 'lr'})",1,0.003420045012309687,0.04840384048166702,0.1144540203013211
HIQL,"antmaze-large-explore80navigate-v0,antmaze-large-explore80navigate-v0,antmaze-large-explore80navigate-v0,antmaze-large-explore80navigate-v0",True,"frozenset({'discount', 'lr'})",2,0.0019372565667582844,0.03264983653372047,0.10047256675340117
HIQL,"antmaze-large-explore80navigate-v0,antmaze-large-explore80navigate-v0,antmaze-large-explore80navigate-v0,antmaze-large-explore80navigate-v0",True,"frozenset({'discount', 'lr'})",3,0.001463152763764608,0.030637458249666367,0.0699366997990627
HIQL,"antmaze-large-explore80navigate-v0,antmaze-large-explore80navigate-v0,antmaze-large-explore80navigate-v0,antmaze-large-explore80navigate-v0",True,"frozenset({'discount', 'lr'})",4,0.0017724425601675308,0.03149355673223565,0.0930066101504258
HIQL,"antmaze-large-navigate-v0,antmaze-large-navigate-v0,antmaze-large-navigate-v0,antmaze-large-navigate-v0",True,"frozenset({'discount', 'lr'})",1,0.001991688482022954,0.036072218330658046,0.09358754162878036
HIQL,"antmaze-large-navigate-v0,antmaze-large-navigate-v0,antmaze-large-navigate-v0,antmaze-large-navigate-v0",True,"frozenset({'discount', 'lr'})",2,0.002822132497639054,0.040848303849518125,0.10957971891989313
HIQL,"antmaze-large-navigate-v0,antmaze-large-navigate-v0,antmaze-large-navigate-v0,antmaze-large-navigate-v0",True,"frozenset({'discount', 'lr'})",3,0.0027282622131918456,0.042293729017964625,0.10698015444090696
HIQL,"antmaze-large-navigate-v0,antmaze-large-navigate-v0,antmaze-large-navigate-v0,antmaze-large-navigate-v0",True,"frozenset({'discount', 'lr'})",4,0.0021238191743650175,0.03518418630253033,0.11078357215411001
HIQL,"antmaze-medium-explore-v0,antmaze-medium-explore80navigate-v0,antmaze-medium-explore40navigate-v0,antmaze-medium-navigate-v0",False,"frozenset({'discount', 'lr'})",1,0.0068536232021854035,0.05936281542808375,0.18615856226351513
HIQL,"antmaze-medium-explore-v0,antmaze-medium-explore80navigate-v0,antmaze-medium-explore40navigate-v0,antmaze-medium-navigate-v0",False,"frozenset({'discount', 'lr'})",2,0.005387023805376289,0.05551887663873319,0.16990367678170412
HIQL,"antmaze-medium-explore-v0,antmaze-medium-explore80navigate-v0,antmaze-medium-explore40navigate-v0,antmaze-medium-navigate-v0",False,"frozenset({'discount', 'lr'})",3,0.0061159597145755045,0.06112476843182797,0.17088326192610853
HIQL,"antmaze-medium-explore-v0,antmaze-medium-explore80navigate-v0,antmaze-medium-explore40navigate-v0,antmaze-medium-navigate-v0",False,"frozenset({'discount', 'lr'})",4,0.004578428252669639,0.050866980067317394,0.15620588259489582
HIQL,"antmaze-medium-explore40navigate-v0,antmaze-medium-explore40navigate-v0,antmaze-medium-explore40navigate-v0,antmaze-medium-explore40navigate-v0",True,"frozenset({'discount', 'lr'})",1,0.005866319569555941,0.0615698784090572,0.1613801165416202
HIQL,"antmaze-medium-explore40navigate-v0,antmaze-medium-explore40navigate-v0,antmaze-medium-explore40navigate-v0,antmaze-medium-explore40navigate-v0",True,"frozenset({'discount', 'lr'})",2,0.004659809595888282,0.053322765372611755,0.14309659826193113
HIQL,"antmaze-medium-explore40navigate-v0,antmaze-medium-explore40navigate-v0,antmaze-medium-explore40navigate-v0,antmaze-medium-explore40navigate-v0",True,"frozenset({'discount', 'lr'})",3,0.003109423255067275,0.04190964504355395,0.11473856717387916
HIQL,"antmaze-medium-explore40navigate-v0,antmaze-medium-explore40navigate-v0,antmaze-medium-explore40navigate-v0,antmaze-medium-explore40navigate-v0",True,"frozenset({'discount', 'lr'})",4,0.011644702157962782,0.07571384076814322,0.2649140620294145
HIQL,"antmaze-medium-explore80navigate-v0,antmaze-medium-explore80navigate-v0,antmaze-medium-explore80navigate-v0,antmaze-medium-explore80navigate-v0",True,"frozenset({'discount', 'lr'})",1,0.007703979041008396,0.07022814978299483,0.17320221756110654
HIQL,"antmaze-medium-explore80navigate-v0,antmaze-medium-explore80navigate-v0,antmaze-medium-explore80navigate-v0,antmaze-medium-explore80navigate-v0",True,"frozenset({'discount', 'lr'})",2,0.011121094429109463,0.07767406459274935,0.2642305107006917
HIQL,"antmaze-medium-explore80navigate-v0,antmaze-medium-explore80navigate-v0,antmaze-medium-explore80navigate-v0,antmaze-medium-explore80navigate-v0",True,"frozenset({'discount', 'lr'})",3,0.00824750087806503,0.07046425598744387,0.18288241964187518
HIQL,"antmaze-medium-explore80navigate-v0,antmaze-medium-explore80navigate-v0,antmaze-medium-explore80navigate-v0,antmaze-medium-explore80navigate-v0",True,"frozenset({'discount', 'lr'})",4,0.007477624119284952,0.0688898714552696,0.1980162741410862
HIQL,"antmaze-medium-navigate-v0,antmaze-medium-navigate-v0,antmaze-medium-navigate-v0,antmaze-medium-navigate-v0",True,"frozenset({'discount', 'lr'})",1,0.005363148473735696,0.06002511789114771,0.14420630216621472
HIQL,"antmaze-medium-navigate-v0,antmaze-medium-navigate-v0,antmaze-medium-navigate-v0,antmaze-medium-navigate-v0",True,"frozenset({'discount', 'lr'})",2,0.0031214508826930684,0.04412999854377724,0.11555060778691746
HIQL,"antmaze-medium-navigate-v0,antmaze-medium-navigate-v0,antmaze-medium-navigate-v0,antmaze-medium-navigate-v0",True,"frozenset({'discount', 'lr'})",3,0.005556999446314844,0.060149017711207696,0.14533505028757804
HIQL,"antmaze-medium-navigate-v0,antmaze-medium-navigate-v0,antmaze-medium-navigate-v0,antmaze-medium-navigate-v0",True,"frozenset({'discount', 'lr'})",4,0.0050540201891561085,0.049232479799291365,0.17485434928163954
QRL,"antmaze-large-explore-v0,antmaze-large-explore80navigate-v0,antmaze-large-explore40navigate-v0,antmaze-large-navigate-v0",False,"frozenset({'discount', 'lr'})",1,0.0017846362533644141,0.03697330614569513,0.07192577546925424
QRL,"antmaze-large-explore-v0,antmaze-large-explore80navigate-v0,antmaze-large-explore40navigate-v0,antmaze-large-navigate-v0",False,"frozenset({'discount', 'lr'})",2,0.0009516321972336178,0.02259849347489749,0.0645521463262517
QRL,"antmaze-large-explore-v0,antmaze-large-explore80navigate-v0,antmaze-large-explore40navigate-v0,antmaze-large-navigate-v0",False,"frozenset({'discount', 'lr'})",3,0.00137859758075597,0.02689628964857943,0.0940962508341213
QRL,"antmaze-large-explore-v0,antmaze-large-explore80navigate-v0,antmaze-large-explore40navigate-v0,antmaze-large-navigate-v0",False,"frozenset({'discount', 'lr'})",4,0.0012565347307719264,0.025377920865472282,0.07529662080695332
QRL,"antmaze-large-explore40navigate-v0,antmaze-large-explore40navigate-v0,antmaze-large-explore40navigate-v0,antmaze-large-explore40navigate-v0",True,"frozenset({'discount', 'lr'})",1,0.0019079045599172118,0.03165116719934106,0.09392071321016657
QRL,"antmaze-large-explore40navigate-v0,antmaze-large-explore40navigate-v0,antmaze-large-explore40navigate-v0,antmaze-large-explore40navigate-v0",True,"frozenset({'discount', 'lr'})",2,0.0018585567073589506,0.03278364558679987,0.09329325600356135
QRL,"antmaze-large-explore40navigate-v0,antmaze-large-explore40navigate-v0,antmaze-large-explore40navigate-v0,antmaze-large-explore40navigate-v0",True,"frozenset({'discount', 'lr'})",3,0.0013947520482222688,0.026311847534343357,0.0903759587568663
QRL,"antmaze-large-explore40navigate-v0,antmaze-large-explore40navigate-v0,antmaze-large-explore40navigate-v0,antmaze-large-explore40navigate-v0",True,"frozenset({'discount', 'lr'})",4,0.0023656957356305523,0.035469399699110275,0.0954388588903989
QRL,"antmaze-large-explore80navigate-v0,antmaze-large-explore80navigate-v0,antmaze-large-explore80navigate-v0,antmaze-large-explore80navigate-v0",True,"frozenset({'discount', 'lr'})",1,0.0010192955470976887,0.024023781041846624,0.06957884328467062
QRL,"antmaze-large-explore80navigate-v0,antmaze-large-explore80navigate-v0,antmaze-large-explore80navigate-v0,antmaze-large-explore80navigate-v0",True,"frozenset({'discount', 'lr'})",2,0.0007744355852352027,0.02098303249792621,0.06352635161693111
QRL,"antmaze-large-explore80navigate-v0,antmaze-large-explore80navigate-v0,antmaze-large-explore80navigate-v0,antmaze-large-explore80navigate-v0",True,"frozenset({'discount', 'lr'})",3,0.0013938454684719376,0.02650746575844226,0.09150603328448129
QRL,"antmaze-large-explore80navigate-v0,antmaze-large-explore80navigate-v0,antmaze-large-explore80navigate-v0,antmaze-large-explore80navigate-v0",True,"frozenset({'discount', 'lr'})",4,0.0014981753093387458,0.029020275857685962,0.09324349742042562
QRL,"antmaze-large-navigate-v0,antmaze-large-navigate-v0,antmaze-large-navigate-v0,antmaze-large-navigate-v0",True,"frozenset({'discount', 'lr'})",1,0.0019082699068322217,0.03381840988551427,0.09893364227642451
QRL,"antmaze-large-navigate-v0,antmaze-large-navigate-v0,antmaze-large-navigate-v0,antmaze-large-navigate-v0",True,"frozenset({'discount', 'lr'})",2,0.0011956890140634726,0.02600036577727563,0.07344581721580784
QRL,"antmaze-large-navigate-v0,antmaze-large-navigate-v0,antmaze-large-navigate-v0,antmaze-large-navigate-v0",True,"frozenset({'discount', 'lr'})",3,0.001335713141908189,0.0251820782128503,0.08701985376825246
QRL,"antmaze-large-navigate-v0,antmaze-large-navigate-v0,antmaze-large-navigate-v0,antmaze-large-navigate-v0",True,"frozenset({'discount', 'lr'})",4,0.001380152163903876,0.023158576948354097,0.09084554386706359
QRL,"antmaze-medium-explore-v0,antmaze-medium-explore80navigate-v0,antmaze-medium-explore40navigate-v0,antmaze-medium-navigate-v0",False,"frozenset({'discount', 'lr'})",1,0.0016726299553875873,0.030835256691791137,0.08347878966635616
QRL,"antmaze-medium-explore-v0,antmaze-medium-explore80navigate-v0,antmaze-medium-explore40navigate-v0,antmaze-medium-navigate-v0",False,"frozenset({'discount', 'lr'})",2,0.0021583724572876123,0.03352650891957167,0.10680710208565314
QRL,"antmaze-medium-explore-v0,antmaze-medium-explore80navigate-v0,antmaze-medium-explore40navigate-v0,antmaze-medium-navigate-v0",False,"frozenset({'discount', 'lr'})",3,0.0027774244334309796,0.03822116040853652,0.11819997753610059
QRL,"antmaze-medium-explore-v0,antmaze-medium-explore80navigate-v0,antmaze-medium-explore40navigate-v0,antmaze-medium-navigate-v0",False,"frozenset({'discount', 'lr'})",4,0.0014120413742945523,0.029504188139129927,0.0726135878078076
QRL,"antmaze-medium-explore40navigate-v0,antmaze-medium-explore40navigate-v0,antmaze-medium-explore40navigate-v0,antmaze-medium-explore40navigate-v0",True,"frozenset({'discount', 'lr'})",1,0.0032482110349100896,0.04383909715113145,0.11827691307948969
QRL,"antmaze-medium-explore40navigate-v0,antmaze-medium-explore40navigate-v0,antmaze-medium-explore40navigate-v0,antmaze-medium-explore40navigate-v0",True,"frozenset({'discount', 'lr'})",2,0.0017956852198009955,0.03429194900179192,0.09076184066355997
QRL,"antmaze-medium-explore40navigate-v0,antmaze-medium-explore40navigate-v0,antmaze-medium-explore40navigate-v0,antmaze-medium-explore40navigate-v0",True,"frozenset({'discount', 'lr'})",3,0.0016266408204958292,0.030241742960320138,0.09059959755112719
QRL,"antmaze-medium-explore40navigate-v0,antmaze-medium-explore40navigate-v0,antmaze-medium-explore40navigate-v0,antmaze-medium-explore40navigate-v0",True,"frozenset({'discount', 'lr'})",4,0.0016741398253834084,0.03184324845206022,0.08269250132230013
QRL,"antmaze-medium-explore80navigate-v0,antmaze-medium-explore80navigate-v0,antmaze-medium-explore80navigate-v0,antmaze-medium-explore80navigate-v0",True,"frozenset({'discount', 'lr'})",1,0.0026154762183185484,0.040695092277861646,0.10674765703970238
QRL,"antmaze-medium-explore80navigate-v0,antmaze-medium-explore80navigate-v0,antmaze-medium-explore80navigate-v0,antmaze-medium-explore80navigate-v0",True,"frozenset({'discount', 'lr'})",2,0.002190362082555948,0.03549171793611359,0.10588251883719232
QRL,"antmaze-medium-explore80navigate-v0,antmaze-medium-explore80navigate-v0,antmaze-medium-explore80navigate-v0,antmaze-medium-explore80navigate-v0",True,"frozenset({'discount', 'lr'})",3,0.0019149057793781438,0.03398664698696929,0.09407450236281054
QRL,"antmaze-medium-explore80navigate-v0,antmaze-medium-explore80navigate-v0,antmaze-medium-explore80navigate-v0,antmaze-medium-explore80navigate-v0",True,"frozenset({'discount', 'lr'})",4,0.0016863690393790608,0.03155233926798502,0.08950503204861107
QRL,"antmaze-medium-navigate-v0,antmaze-medium-navigate-v0,antmaze-medium-navigate-v0,antmaze-medium-navigate-v0",True,"frozenset({'discount', 'lr'})",1,0.0018676434690597036,0.033015048216540506,0.08286627797055793
QRL,"antmaze-medium-navigate-v0,antmaze-medium-navigate-v0,antmaze-medium-navigate-v0,antmaze-medium-navigate-v0",True,"frozenset({'discount', 'lr'})",2,0.0012049099544320673,0.027606017996924186,0.06674427170748712
QRL,"antmaze-medium-navigate-v0,antmaze-medium-navigate-v0,antmaze-medium-navigate-v0,antmaze-medium-navigate-v0",True,"frozenset({'discount', 'lr'})",3,0.0016820542451977632,0.029759202283014496,0.09344534623139625
QRL,"antmaze-medium-navigate-v0,antmaze-medium-navigate-v0,antmaze-medium-navigate-v0,antmaze-medium-navigate-v0",True,"frozenset({'discount', 'lr'})",4,0.002154072943893646,0.031904009819427606,0.10592167860138058
