agent,dataset,constant_dataset,hps,phase_num,Goal Distance Score Normalized Regret $< 0.1$ Ratio,Goal Distance Score Normalized Regret $< 0.2$ Ratio,Goal Distance Score,Max Goal Distance Score,Success
HIQL,"antmaze-large-explore-v0,antmaze-large-explore80navigate-v0,antmaze-large-explore40navigate-v0,antmaze-large-navigate-v0",False,"frozenset({'discount', 'lr'})",1,0.015625,0.03125,0.08777246455216026,0.3982605988478281,0.0028125
HIQL,"antmaze-large-explore-v0,antmaze-large-explore80navigate-v0,antmaze-large-explore40navigate-v0,antmaze-large-navigate-v0",False,"frozenset({'discount', 'lr'})",2,0.21875,0.375,0.2961259492442016,0.43837073102610863,0.049895833333333334
HIQL,"antmaze-large-explore-v0,antmaze-large-explore80navigate-v0,antmaze-large-explore40navigate-v0,antmaze-large-navigate-v0",False,"frozenset({'discount', 'lr'})",3,0.109375,0.375,0.3213613500101563,0.47439906003115223,0.07395833333333333
HIQL,"antmaze-large-explore-v0,antmaze-large-explore80navigate-v0,antmaze-large-explore40navigate-v0,antmaze-large-navigate-v0",False,"frozenset({'discount', 'lr'})",4,0.140625,0.46875,0.3081281306279662,0.4369613588821375,0.06510416666666667
HIQL,"antmaze-large-explore40navigate-v0,antmaze-large-explore40navigate-v0,antmaze-large-explore40navigate-v0,antmaze-large-explore40navigate-v0",True,"frozenset({'discount', 'lr'})",1,0.03125,0.0625,0.23175360361304445,0.5027407511747696,0.03395833333333333
HIQL,"antmaze-large-explore40navigate-v0,antmaze-large-explore40navigate-v0,antmaze-large-explore40navigate-v0,antmaze-large-explore40navigate-v0",True,"frozenset({'discount', 'lr'})",2,0.21875,0.5,0.4026100861565347,0.6307997891127984,0.18
HIQL,"antmaze-large-explore40navigate-v0,antmaze-large-explore40navigate-v0,antmaze-large-explore40navigate-v0,antmaze-large-explore40navigate-v0",True,"frozenset({'discount', 'lr'})",3,0.203125,0.453125,0.3919496248399126,0.6318229645343125,0.1778125
HIQL,"antmaze-large-explore40navigate-v0,antmaze-large-explore40navigate-v0,antmaze-large-explore40navigate-v0,antmaze-large-explore40navigate-v0",True,"frozenset({'discount', 'lr'})",4,0.21875,0.484375,0.4018930408154732,0.6245520003400559,0.180625
HIQL,"antmaze-large-explore80navigate-v0,antmaze-large-explore80navigate-v0,antmaze-large-explore80navigate-v0,antmaze-large-explore80navigate-v0",True,"frozenset({'discount', 'lr'})",1,0.03125,0.109375,0.17393365673169467,0.4210602274162769,0.014375
HIQL,"antmaze-large-explore80navigate-v0,antmaze-large-explore80navigate-v0,antmaze-large-explore80navigate-v0,antmaze-large-explore80navigate-v0",True,"frozenset({'discount', 'lr'})",2,0.109375,0.28125,0.3008075287723409,0.5048847405256897,0.07895833333333334
HIQL,"antmaze-large-explore80navigate-v0,antmaze-large-explore80navigate-v0,antmaze-large-explore80navigate-v0,antmaze-large-explore80navigate-v0",True,"frozenset({'discount', 'lr'})",3,0.109375,0.3125,0.34924300105854866,0.5959933480062277,0.13072916666666667
HIQL,"antmaze-large-explore80navigate-v0,antmaze-large-explore80navigate-v0,antmaze-large-explore80navigate-v0,antmaze-large-explore80navigate-v0",True,"frozenset({'discount', 'lr'})",4,0.25,0.390625,0.3526667042952649,0.5903295212425146,0.15
HIQL,"antmaze-large-navigate-v0,antmaze-large-navigate-v0,antmaze-large-navigate-v0,antmaze-large-navigate-v0",True,"frozenset({'discount', 'lr'})",1,0.015625,0.046875,0.2338543693285894,0.5495469829350386,0.03833333333333334
HIQL,"antmaze-large-navigate-v0,antmaze-large-navigate-v0,antmaze-large-navigate-v0,antmaze-large-navigate-v0",True,"frozenset({'discount', 'lr'})",2,0.015625,0.109375,0.4103068454306108,0.7258685417350975,0.18083333333333335
HIQL,"antmaze-large-navigate-v0,antmaze-large-navigate-v0,antmaze-large-navigate-v0,antmaze-large-navigate-v0",True,"frozenset({'discount', 'lr'})",3,0.359375,0.5625,0.5385358214885478,0.7711294076389965,0.37364583333333334
HIQL,"antmaze-large-navigate-v0,antmaze-large-navigate-v0,antmaze-large-navigate-v0,antmaze-large-navigate-v0",True,"frozenset({'discount', 'lr'})",4,0.265625,0.609375,0.5436010472167226,0.7799333960895778,0.40020833333333333
HIQL,"antmaze-medium-explore-v0,antmaze-medium-explore80navigate-v0,antmaze-medium-explore40navigate-v0,antmaze-medium-navigate-v0",False,"frozenset({'discount', 'lr'})",1,0.046875,0.0625,0.06642843086483667,0.37436710783548927,0.017708333333333333
HIQL,"antmaze-medium-explore-v0,antmaze-medium-explore80navigate-v0,antmaze-medium-explore40navigate-v0,antmaze-medium-navigate-v0",False,"frozenset({'discount', 'lr'})",2,0.015625,0.109375,0.30679480235630924,0.5953704055692112,0.17895833333333333
HIQL,"antmaze-medium-explore-v0,antmaze-medium-explore80navigate-v0,antmaze-medium-explore40navigate-v0,antmaze-medium-navigate-v0",False,"frozenset({'discount', 'lr'})",3,0.15625,0.3125,0.45362132684123546,0.7675282136390794,0.4028125
HIQL,"antmaze-medium-explore-v0,antmaze-medium-explore80navigate-v0,antmaze-medium-explore40navigate-v0,antmaze-medium-navigate-v0",False,"frozenset({'discount', 'lr'})",4,0.28125,0.578125,0.5736746683310141,0.8368760327987183,0.5463541666666667
HIQL,"antmaze-medium-explore40navigate-v0,antmaze-medium-explore40navigate-v0,antmaze-medium-explore40navigate-v0,antmaze-medium-explore40navigate-v0",True,"frozenset({'discount', 'lr'})",1,0.03125,0.078125,0.20012138774526508,0.5973182702788938,0.11979166666666667
HIQL,"antmaze-medium-explore40navigate-v0,antmaze-medium-explore40navigate-v0,antmaze-medium-explore40navigate-v0,antmaze-medium-explore40navigate-v0",True,"frozenset({'discount', 'lr'})",2,0.125,0.453125,0.465314107720079,0.7051425699230108,0.4079166666666667
HIQL,"antmaze-medium-explore40navigate-v0,antmaze-medium-explore40navigate-v0,antmaze-medium-explore40navigate-v0,antmaze-medium-explore40navigate-v0",True,"frozenset({'discount', 'lr'})",3,0.140625,0.59375,0.578032009222418,0.8474442798563296,0.5580208333333333
HIQL,"antmaze-medium-explore40navigate-v0,antmaze-medium-explore40navigate-v0,antmaze-medium-explore40navigate-v0,antmaze-medium-explore40navigate-v0",True,"frozenset({'discount', 'lr'})",4,0.375,0.640625,0.6697533728678785,0.9222787558639055,0.6590625
HIQL,"antmaze-medium-explore80navigate-v0,antmaze-medium-explore80navigate-v0,antmaze-medium-explore80navigate-v0,antmaze-medium-explore80navigate-v0",True,"frozenset({'discount', 'lr'})",1,0.03125,0.125,0.23170351818554086,0.601548822466866,0.14583333333333334
HIQL,"antmaze-medium-explore80navigate-v0,antmaze-medium-explore80navigate-v0,antmaze-medium-explore80navigate-v0,antmaze-medium-explore80navigate-v0",True,"frozenset({'discount', 'lr'})",2,0.25,0.453125,0.39447512023722153,0.6354327166591749,0.3325
HIQL,"antmaze-medium-explore80navigate-v0,antmaze-medium-explore80navigate-v0,antmaze-medium-explore80navigate-v0,antmaze-medium-explore80navigate-v0",True,"frozenset({'discount', 'lr'})",3,0.109375,0.484375,0.4440877279251583,0.7136891050840162,0.375
HIQL,"antmaze-medium-explore80navigate-v0,antmaze-medium-explore80navigate-v0,antmaze-medium-explore80navigate-v0,antmaze-medium-explore80navigate-v0",True,"frozenset({'discount', 'lr'})",4,0.125,0.5,0.4468384196201188,0.7339169313930666,0.3978125
HIQL,"antmaze-medium-navigate-v0,antmaze-medium-navigate-v0,antmaze-medium-navigate-v0,antmaze-medium-navigate-v0",True,"frozenset({'discount', 'lr'})",1,0.03125,0.046875,0.18951285911794283,0.6125026298452833,0.11197916666666667
HIQL,"antmaze-medium-navigate-v0,antmaze-medium-navigate-v0,antmaze-medium-navigate-v0,antmaze-medium-navigate-v0",True,"frozenset({'discount', 'lr'})",2,0.078125,0.328125,0.4270522488954369,0.6842410456506043,0.3853125
HIQL,"antmaze-medium-navigate-v0,antmaze-medium-navigate-v0,antmaze-medium-navigate-v0,antmaze-medium-navigate-v0",True,"frozenset({'discount', 'lr'})",3,0.21875,0.40625,0.4208739404152086,0.661515330208262,0.3770833333333333
HIQL,"antmaze-medium-navigate-v0,antmaze-medium-navigate-v0,antmaze-medium-navigate-v0,antmaze-medium-navigate-v0",True,"frozenset({'discount', 'lr'})",4,0.1875,0.375,0.40451881575229787,0.6414938324628672,0.3666666666666667
QRL,"antmaze-large-explore-v0,antmaze-large-explore80navigate-v0,antmaze-large-explore40navigate-v0,antmaze-large-navigate-v0",False,"frozenset({'discount', 'lr'})",1,0.078125,0.234375,0.09161149473662814,0.1660098704531435,0.0
QRL,"antmaze-large-explore-v0,antmaze-large-explore80navigate-v0,antmaze-large-explore40navigate-v0,antmaze-large-navigate-v0",False,"frozenset({'discount', 'lr'})",2,0.1875,0.34375,0.3103451712437149,0.44124150224656317,0.035520833333333335
QRL,"antmaze-large-explore-v0,antmaze-large-explore80navigate-v0,antmaze-large-explore40navigate-v0,antmaze-large-navigate-v0",False,"frozenset({'discount', 'lr'})",3,0.546875,0.796875,0.4320269658279368,0.5237019809955402,0.12041666666666666
QRL,"antmaze-large-explore-v0,antmaze-large-explore80navigate-v0,antmaze-large-explore40navigate-v0,antmaze-large-navigate-v0",False,"frozenset({'discount', 'lr'})",4,0.28125,0.828125,0.4618068004366307,0.5602548279548397,0.18937500000000002
QRL,"antmaze-large-explore40navigate-v0,antmaze-large-explore40navigate-v0,antmaze-large-explore40navigate-v0,antmaze-large-explore40navigate-v0",True,"frozenset({'discount', 'lr'})",1,0.109375,0.234375,0.3634982400651567,0.6185868030024372,0.1003125
QRL,"antmaze-large-explore40navigate-v0,antmaze-large-explore40navigate-v0,antmaze-large-explore40navigate-v0,antmaze-large-explore40navigate-v0",True,"frozenset({'discount', 'lr'})",2,0.359375,0.6875,0.5319990195041939,0.7020340078115024,0.2779166666666667
QRL,"antmaze-large-explore40navigate-v0,antmaze-large-explore40navigate-v0,antmaze-large-explore40navigate-v0,antmaze-large-explore40navigate-v0",True,"frozenset({'discount', 'lr'})",3,0.578125,0.6875,0.577580668709412,0.7346503694826603,0.34197916666666667
QRL,"antmaze-large-explore40navigate-v0,antmaze-large-explore40navigate-v0,antmaze-large-explore40navigate-v0,antmaze-large-explore40navigate-v0",True,"frozenset({'discount', 'lr'})",4,0.59375,0.671875,0.575507130944761,0.7415935450017863,0.34260416666666665
QRL,"antmaze-large-explore80navigate-v0,antmaze-large-explore80navigate-v0,antmaze-large-explore80navigate-v0,antmaze-large-explore80navigate-v0",True,"frozenset({'discount', 'lr'})",1,0.203125,0.359375,0.306854754085604,0.44280690665977923,0.03916666666666667
QRL,"antmaze-large-explore80navigate-v0,antmaze-large-explore80navigate-v0,antmaze-large-explore80navigate-v0,antmaze-large-explore80navigate-v0",True,"frozenset({'discount', 'lr'})",2,0.34375,0.71875,0.3522298114267354,0.4508351525078862,0.08291666666666667
QRL,"antmaze-large-explore80navigate-v0,antmaze-large-explore80navigate-v0,antmaze-large-explore80navigate-v0,antmaze-large-explore80navigate-v0",True,"frozenset({'discount', 'lr'})",3,0.4375,0.75,0.35432810756656574,0.45375446340425274,0.08697916666666666
QRL,"antmaze-large-explore80navigate-v0,antmaze-large-explore80navigate-v0,antmaze-large-explore80navigate-v0,antmaze-large-explore80navigate-v0",True,"frozenset({'discount', 'lr'})",4,0.34375,0.703125,0.3597244723317471,0.45546154256008436,0.08614583333333334
QRL,"antmaze-large-navigate-v0,antmaze-large-navigate-v0,antmaze-large-navigate-v0,antmaze-large-navigate-v0",True,"frozenset({'discount', 'lr'})",1,0.0625,0.25,0.23906526644638806,0.4604086944514127,0.0396875
QRL,"antmaze-large-navigate-v0,antmaze-large-navigate-v0,antmaze-large-navigate-v0,antmaze-large-navigate-v0",True,"frozenset({'discount', 'lr'})",2,0.28125,0.75,0.4544912793918168,0.5848462076547127,0.17427083333333335
QRL,"antmaze-large-navigate-v0,antmaze-large-navigate-v0,antmaze-large-navigate-v0,antmaze-large-navigate-v0",True,"frozenset({'discount', 'lr'})",3,0.625,0.765625,0.46874150810689075,0.5862362454159381,0.19979166666666667
QRL,"antmaze-large-navigate-v0,antmaze-large-navigate-v0,antmaze-large-navigate-v0,antmaze-large-navigate-v0",True,"frozenset({'discount', 'lr'})",4,0.546875,0.75,0.47140388911415043,0.594454727215422,0.20135416666666667
QRL,"antmaze-medium-explore-v0,antmaze-medium-explore80navigate-v0,antmaze-medium-explore40navigate-v0,antmaze-medium-navigate-v0",False,"frozenset({'discount', 'lr'})",1,0.09375,0.1875,0.1175398530575196,0.19621493820527122,0.013020833333333334
QRL,"antmaze-medium-explore-v0,antmaze-medium-explore80navigate-v0,antmaze-medium-explore40navigate-v0,antmaze-medium-navigate-v0",False,"frozenset({'discount', 'lr'})",2,0.25,0.375,0.4810718934533225,0.7018652154206161,0.308125
QRL,"antmaze-medium-explore-v0,antmaze-medium-explore80navigate-v0,antmaze-medium-explore40navigate-v0,antmaze-medium-navigate-v0",False,"frozenset({'discount', 'lr'})",3,0.65625,0.796875,0.6470411132003304,0.7844459127374632,0.5283333333333333
QRL,"antmaze-medium-explore-v0,antmaze-medium-explore80navigate-v0,antmaze-medium-explore40navigate-v0,antmaze-medium-navigate-v0",False,"frozenset({'discount', 'lr'})",4,0.6875,0.78125,0.6650362975634917,0.802971301879996,0.5777083333333333
QRL,"antmaze-medium-explore40navigate-v0,antmaze-medium-explore40navigate-v0,antmaze-medium-explore40navigate-v0,antmaze-medium-explore40navigate-v0",True,"frozenset({'discount', 'lr'})",1,0.140625,0.265625,0.42464120440413655,0.8198761420621713,0.2809375
QRL,"antmaze-medium-explore40navigate-v0,antmaze-medium-explore40navigate-v0,antmaze-medium-explore40navigate-v0,antmaze-medium-explore40navigate-v0",True,"frozenset({'discount', 'lr'})",2,0.609375,0.78125,0.6776606321587965,0.8424964351611829,0.6230208333333334
QRL,"antmaze-medium-explore40navigate-v0,antmaze-medium-explore40navigate-v0,antmaze-medium-explore40navigate-v0,antmaze-medium-explore40navigate-v0",True,"frozenset({'discount', 'lr'})",3,0.65625,0.78125,0.6989792407327705,0.8578162762316963,0.6471875
QRL,"antmaze-medium-explore40navigate-v0,antmaze-medium-explore40navigate-v0,antmaze-medium-explore40navigate-v0,antmaze-medium-explore40navigate-v0",True,"frozenset({'discount', 'lr'})",4,0.671875,0.78125,0.6818438469838399,0.8377332093348319,0.6338541666666667
QRL,"antmaze-medium-explore80navigate-v0,antmaze-medium-explore80navigate-v0,antmaze-medium-explore80navigate-v0,antmaze-medium-explore80navigate-v0",True,"frozenset({'discount', 'lr'})",1,0.09375,0.171875,0.38561393369508096,0.785046010314578,0.22208333333333333
QRL,"antmaze-medium-explore80navigate-v0,antmaze-medium-explore80navigate-v0,antmaze-medium-explore80navigate-v0,antmaze-medium-explore80navigate-v0",True,"frozenset({'discount', 'lr'})",2,0.578125,0.75,0.6297801415039851,0.7915633798352122,0.5184375
QRL,"antmaze-medium-explore80navigate-v0,antmaze-medium-explore80navigate-v0,antmaze-medium-explore80navigate-v0,antmaze-medium-explore80navigate-v0",True,"frozenset({'discount', 'lr'})",3,0.5625,0.734375,0.6525820462713852,0.8281887845377977,0.5726041666666667
QRL,"antmaze-medium-explore80navigate-v0,antmaze-medium-explore80navigate-v0,antmaze-medium-explore80navigate-v0,antmaze-medium-explore80navigate-v0",True,"frozenset({'discount', 'lr'})",4,0.609375,0.75,0.6486498255076438,0.8155991653371116,0.5678124999999999
QRL,"antmaze-medium-navigate-v0,antmaze-medium-navigate-v0,antmaze-medium-navigate-v0,antmaze-medium-navigate-v0",True,"frozenset({'discount', 'lr'})",1,0.109375,0.171875,0.24422500867564945,0.6100335036538059,0.12979166666666667
QRL,"antmaze-medium-navigate-v0,antmaze-medium-navigate-v0,antmaze-medium-navigate-v0,antmaze-medium-navigate-v0",True,"frozenset({'discount', 'lr'})",2,0.453125,0.8125,0.5429195211986971,0.6489007023558832,0.39666666666666667
QRL,"antmaze-medium-navigate-v0,antmaze-medium-navigate-v0,antmaze-medium-navigate-v0,antmaze-medium-navigate-v0",True,"frozenset({'discount', 'lr'})",3,0.59375,0.75,0.5449242528533317,0.6575838712428128,0.416875
QRL,"antmaze-medium-navigate-v0,antmaze-medium-navigate-v0,antmaze-medium-navigate-v0,antmaze-medium-navigate-v0",True,"frozenset({'discount', 'lr'})",4,0.40625,0.765625,0.5461702175675492,0.6851960442577383,0.4188541666666667
