training/grad/max,training/grad/min,training/grad/norm,training/high_actor/actor_loss,training/high_actor/adv,training/high_actor/bc_log_prob,training/high_actor/mse,training/high_actor/std,training/low_actor/actor_loss,training/low_actor/adv,training/low_actor/bc_log_prob,training/low_actor/mse,training/low_actor/std,training/value/v_max,training/value/v_mean,training/value/v_min,training/value/value_loss,validation/high_actor/actor_loss,validation/high_actor/adv,validation/high_actor/bc_log_prob,validation/high_actor/mse,validation/high_actor/std,validation/low_actor/actor_loss,validation/low_actor/adv,validation/low_actor/bc_log_prob,validation/low_actor/mse,validation/low_actor/std,validation/value/v_max,validation/value/v_mean,validation/value/v_min,validation/value/value_loss,time/epoch_time,time/total_time,step
10.931035,-13.057115,332.73315,76.24457,0.050000094,-14.198893,1.0019015,1.0,40.210716,0.022261165,-9.397562,0.51151365,1.0,2.4397793,0.8582027,-2.0001187,1.187506,70.24956,-0.016478632,-13.845236,0.93117,1.0,25.9454,0.0043967925,-9.291432,0.48498097,1.0,-0.1566152,-4.558434,-6.367237,12.859129,0.011660922050476074,58.304611921310425,1
25.344633,-29.956896,422.8122,699.0477,5.763875,-9.944193,0.15096165,1.0,139.08441,0.17328963,-7.8306046,0.11977413,1.0,0.16643879,-14.657806,-25.254627,0.63353664,674.79205,5.4152756,-10.045355,0.17119396,1.0,158.48767,0.08989849,-7.8438454,0.12308428,1.0,0.18740694,-14.229594,-25.2151,0.7255945,0.25805473790168765,1348.578304052353,5000
106.270226,-105.19508,919.4852,817.991,6.8093777,-9.872768,0.13667658,1.0,139.27106,0.13697863,-7.7435036,0.09799872,1.0,0.13031751,-20.508259,-43.035786,1.1692297,811.64575,7.2120132,-9.927145,0.14755194,1.0,147.99408,0.11851504,-7.748268,0.09919,1.0,0.09278238,-19.831749,-42.966194,0.77072024,0.25075502314567566,2602.353422164917,10000
131.05267,-141.0398,1159.7269,809.8648,7.6221366,-10.000791,0.16228114,1.0,165.37646,0.08046089,-7.7440844,0.098144084,1.0,0.066526964,-23.806847,-56.69033,1.4735509,841.496,7.8132668,-9.966547,0.1554323,1.0,176.69778,0.10562098,-7.726902,0.09384846,1.0,0.15636599,-24.615028,-56.621635,1.4026527,0.12224300498962402,3213.568450689316,15000
80.00581,-67.670876,696.65924,814.189,8.040055,-9.875778,0.13727847,1.0,165.72896,0.12174944,-7.7088995,0.089347854,1.0,0.062120587,-25.43103,-67.13527,1.6259198,842.4447,8.372921,-9.928055,0.14773397,1.0,171.96185,0.18560284,-7.741994,0.097621486,1.0,0.059146844,-26.12408,-66.83209,2.0978847,0.008717734146118164,3257.157122850418,20000
20.266865,-22.029076,325.08667,839.8041,8.371038,-9.762872,0.11469729,1.0,179.0427,0.19042987,-7.680223,0.08217874,1.0,0.14218608,-27.952103,-74.8923,1.1521367,825.42206,8.542411,-9.79246,0.12061516,1.0,168.68613,0.23326239,-7.674999,0.08087271,1.0,0.16420025,-26.415928,-75.262314,1.219643,0.12545805764198303,3884.4474153518677,25000
22.637093,-20.555916,391.41492,823.1665,8.275419,-9.792964,0.12071575,1.0,152.16208,0.21794854,-7.698368,0.0867149,1.0,0.09649789,-27.773808,-81.88623,1.3173797,836.5818,8.442713,-9.837616,0.12964623,1.0,153.46051,0.07110058,-7.689183,0.08441882,1.0,0.060540784,-29.174454,-81.94133,1.2802124,0.01448819251060486,3956.8883805274963,30000
21.17376,-20.023901,312.13718,827.4358,8.583752,-9.725291,0.10718119,1.0,168.41034,0.27430955,-7.682004,0.08262389,1.0,0.13635544,-28.681122,-84.98419,0.95451,853.0846,9.28113,-9.7407,0.11026285,1.0,161.58104,0.29264423,-7.7091274,0.08940476,1.0,0.10693027,-30.082926,-85.25662,1.3875359,0.14829174671173095,4698.347118377686,35000
27.6292,-20.56965,375.72955,813.3335,8.506821,-9.670296,0.09618204,1.0,178.34338,0.283085,-7.66986,0.07958798,1.0,-0.010129586,-29.964298,-87.225525,1.3448106,837.7208,8.868822,-9.709827,0.10408838,1.0,168.304,0.35359824,-7.703458,0.08798741,1.0,-0.00079552084,-29.269377,-86.49943,1.2765739,0.008667384338378907,4741.684042692184,40000
69.137665,-62.38762,538.4844,832.1629,9.0664425,-9.75041,0.11220491,1.0,203.51941,0.2772943,-7.66627,0.07869042,1.0,-0.027569871,-30.07952,-88.62349,1.6295717,829.8033,8.640583,-9.730137,0.10815028,1.0,190.2746,0.35779393,-7.68394,0.083107896,1.0,-0.028569866,-31.368917,-88.814186,2.0772285,0.14656984124183656,5474.533252477646,45000
33.765205,-38.705673,421.24442,841.5556,9.388613,-9.644735,0.09107012,1.0,187.48445,0.3456112,-7.663744,0.07805894,1.0,0.079799905,-30.510628,-90.24557,1.3640673,847.26373,9.1774235,-9.6922655,0.100576125,1.0,179.14435,0.32177374,-7.7018166,0.087577224,1.0,0.09261218,-30.386965,-89.87546,1.3495612,0.014428698921203614,5546.676748752594,50000
66.27123,-94.20232,730.3761,829.4585,8.685474,-9.709068,0.10393667,1.0,182.19739,0.324925,-7.6682854,0.0791942,1.0,0.112349585,-33.802856,-91.46094,1.7575891,822.37085,8.694719,-9.769029,0.11592865,1.0,170.72739,0.231723,-7.7101583,0.08966251,1.0,0.17180392,-30.937227,-91.881485,1.6857165,0.19017343549728394,6497.543931484222,55000
19.197666,-20.856504,314.64062,831.3028,9.164141,-9.66613,0.09534889,1.0,150.00656,0.13458115,-7.6612225,0.07742864,1.0,0.120113686,-31.797012,-93.82602,1.2593387,835.5893,9.15209,-9.72147,0.10641696,1.0,175.55688,0.25073367,-7.693829,0.085580245,1.0,0.06989637,-29.942291,-93.794464,1.8105564,0.020005853176116944,6597.573198795319,60000
65.69361,-56.318123,573.4057,833.5072,8.742483,-9.751314,0.112385884,1.0,168.96643,0.20832163,-7.654496,0.07574692,1.0,0.06664361,-30.183252,-94.04857,1.2122235,852.5227,9.222321,-9.730495,0.10822215,1.0,191.08167,0.3108899,-7.696493,0.08624627,1.0,0.1139791,-31.829147,-94.99771,1.9502599,0.016754886627197266,6681.347633361816,65000
45.754025,-56.578518,447.08603,847.50024,9.338381,-9.686167,0.099356286,1.0,186.18198,0.20570329,-7.651502,0.07499847,1.0,0.1720863,-31.84297,-95.69986,1.681236,836.22644,9.103819,-9.677127,0.09754846,1.0,188.85287,0.34158194,-7.692468,0.08524,1.0,0.13444132,-32.3013,-95.687935,1.1478626,0.014363614606857299,6753.165709495544,70000
48.543842,-38.399624,447.2416,823.79785,9.040619,-9.706085,0.10333993,1.0,162.35428,0.22869444,-7.6357107,0.07105067,1.0,0.08694846,-30.018429,-96.836105,1.3942242,823.0979,8.888684,-9.758572,0.11383742,1.0,174.388,0.2691647,-7.6866965,0.08379714,1.0,0.105710074,-31.79891,-96.14877,1.4608102,0.014353196716308594,6824.93169593811,75000
54.6678,-42.08146,379.33826,813.38464,8.832157,-9.6478405,0.09169108,1.0,161.41422,0.19494835,-7.6491294,0.07440524,1.0,0.033899225,-31.273823,-96.90692,1.3444004,836.88806,9.03619,-9.746948,0.111512735,1.0,172.18971,0.2076215,-7.7026863,0.08779459,1.0,0.045428585,-33.08708,-97.23425,1.4871825,0.19838717722892762,7816.867584705353,80000
111.75919,-95.72783,584.45026,828.3275,8.865565,-9.713955,0.10491383,1.0,163.24934,0.20364027,-7.66407,0.07814056,1.0,0.14874488,-32.68492,-97.69542,1.3687859,849.72986,9.0533495,-9.752697,0.112662196,1.0,176.12192,0.34077984,-7.702888,0.08784501,1.0,0.13453797,-33.090622,-97.89142,1.6127907,0.014437261247634888,7889.05389380455,85000
50.028233,-54.563614,449.26663,824.9328,9.4890785,-9.684955,0.09911396,1.0,174.804,0.34725928,-7.636758,0.07131234,1.0,0.046983313,-32.90797,-98.21681,3.7060122,824.53674,9.014148,-9.781153,0.1183535,1.0,190.90318,0.34936148,-7.6815505,0.08251058,1.0,0.11003961,-33.610657,-98.22476,1.2277834,0.014412344932556153,7961.115619897842,90000
59.603153,-92.58284,569.2216,837.1817,9.011047,-9.719505,0.1060241,1.0,173.4068,0.35719383,-7.6498127,0.0745762,1.0,0.09834418,-31.608883,-99.3291,1.3053527,830.1624,9.136801,-9.663113,0.09474559,1.0,149.87674,0.250826,-7.683505,0.082999274,1.0,0.17087781,-32.563904,-98.69121,1.4780245,0.01441886010169983,8033.2099232673645,95000
41.818596,-45.067543,413.99133,835.46277,9.544922,-9.7248,0.107083,1.0,170.28601,0.15859917,-7.670821,0.07982826,1.0,0.11121079,-33.8382,-99.07945,1.1484408,849.25916,9.299715,-9.710173,0.10415744,1.0,189.83736,0.40771714,-7.6884365,0.08423214,1.0,0.09416121,-33.48846,-98.90202,1.4499481,0.01033142704963684,8084.867062330246,100000
55.66438,-74.08839,538.5834,853.2693,8.869976,-9.791079,0.12033863,1.0,170.7551,0.2746296,-7.6583276,0.07670489,1.0,0.20933749,-32.848816,-99.487366,1.958312,864.73846,9.148966,-9.788525,0.11982783,1.0,158.64154,0.12922266,-7.700968,0.08736489,1.0,0.18135634,-30.966053,-98.915924,2.5685337,0.2776518555641174,9473.126343727112,105000
144.5516,-155.309,1010.1976,845.9453,8.827276,-9.775866,0.11729603,1.0,162.58607,0.21693332,-7.627906,0.06909934,1.0,0.11267147,-32.40424,-99.4631,1.3524542,840.4039,8.987642,-9.756262,0.113375366,1.0,159.24207,0.3353591,-7.6911564,0.08491212,1.0,0.12972978,-34.074257,-99.796555,2.088059,0.020252172231674196,9574.387207508087,110000
45.459454,-32.58335,393.34088,849.59375,9.323411,-9.667187,0.095560364,1.0,179.79318,0.2637668,-7.6383557,0.07171194,1.0,0.09200911,-34.856174,-99.55641,1.2175882,830.25964,9.119035,-9.71785,0.10569294,1.0,192.11555,0.33185083,-7.679673,0.082041316,1.0,0.099816725,-32.911354,-99.55569,1.2834923,0.015260373067855834,9650.68907570839,115000
58.256348,-67.831184,543.2791,838.4811,9.169877,-9.692059,0.100534655,1.0,178.62373,0.4176612,-7.626995,0.06887178,1.0,0.18305127,-33.813244,-99.71115,1.1079601,837.33954,9.317259,-9.714233,0.10496952,1.0,180.95161,0.30170524,-7.664184,0.078169,1.0,0.12836896,-33.229507,-99.69159,1.2090921,0.014498739862442017,9723.18277645111,120000
11.720211,-13.205357,233.4096,835.6987,9.111246,-9.693317,0.1007864,1.0,164.99538,0.14770874,-7.644282,0.07319346,1.0,0.20538726,-31.381203,-99.82138,1.2402618,853.41187,9.27428,-9.722012,0.10652518,1.0,170.28644,0.26494727,-7.70512,0.088402875,1.0,0.056708287,-34.400513,-99.87073,1.0825269,0.014491249561309814,9795.639028549194,125000
21.082409,-17.109018,282.52567,849.70544,9.831513,-9.679199,0.09796272,1.0,195.9515,0.35420495,-7.635309,0.07095029,1.0,-0.0039965212,-34.190872,-100.13582,1.4171091,862.84155,9.505741,-9.728849,0.107892804,1.0,198.66649,0.35935307,-7.697145,0.086409226,1.0,0.015367325,-33.821095,-99.999626,1.5233814,0.014490322589874267,9868.090642690659,130000
26.175177,-27.528471,329.22485,864.5691,9.773968,-9.684597,0.09904251,1.0,186.69786,0.45906743,-7.620912,0.06735098,1.0,0.053570755,-34.202507,-100.070915,1.3171014,852.2837,9.50469,-9.75485,0.11309301,1.0,174.22252,0.30540067,-7.6684713,0.079240896,1.0,0.08728208,-35.42087,-100.06325,1.7682099,0.014472516584396362,9940.453228473663,135000
73.51391,-71.72028,488.97092,835.74866,9.046663,-9.704905,0.10310387,1.0,166.71466,0.32592884,-7.6375065,0.07149956,1.0,0.09172861,-33.58039,-100.48681,1.3098923,829.9468,8.968651,-9.730275,0.108177915,1.0,169.4579,0.17474975,-7.6956763,0.08604208,1.0,0.10007921,-33.60589,-99.8674,2.2864697,0.013296643352508545,10006.936448335648,140000
49.027374,-45.83021,438.16196,828.03546,9.302729,-9.7035475,0.10283234,1.0,177.03656,0.24833971,-7.6272936,0.068946354,1.0,0.19839177,-32.964184,-100.16884,1.4239218,838.8637,8.987825,-9.705031,0.10312917,1.0,193.7589,0.33517963,-7.6814713,0.08249088,1.0,0.054755792,-32.999813,-100.392456,1.503407,0.008705997943878174,10050.466440200806,145000
34.268734,-26.890028,414.71298,842.8351,9.426221,-9.682953,0.098713554,1.0,179.52013,0.39688236,-7.6234083,0.067975074,1.0,0.05839036,-34.06337,-100.33281,1.3393672,850.67065,9.294022,-9.752594,0.11264187,1.0,183.51172,0.3736496,-7.6918135,0.08507632,1.0,0.09863068,-34.54786,-100.36894,1.1563082,0.00868165283203125,10093.87470793724,150000
20.147083,-24.358511,282.43118,827.4125,9.098984,-9.682735,0.09866999,1.0,165.98372,0.26088732,-7.628897,0.06934728,1.0,0.12224485,-35.73168,-100.2676,1.17962,847.2473,9.2322,-9.7468815,0.11149924,1.0,181.43771,0.23955779,-7.6993914,0.08697071,1.0,0.11896769,-33.469463,-100.32446,1.2695577,0.23558019676208497,11271.775695323944,155000
51.8479,-55.406517,451.18512,822.5423,9.407398,-9.725768,0.10727663,1.0,169.8344,0.25859633,-7.6251936,0.06842144,1.0,0.08107704,-32.242455,-100.48282,1.5719664,836.3924,9.305784,-9.727104,0.10754385,1.0,165.32565,0.19767104,-7.695817,0.08607718,1.0,0.06641383,-33.995872,-100.51481,2.0778422,0.027948357391357422,11411.51748418808,160000
68.04897,-55.140568,436.70126,853.7066,9.356693,-9.665344,0.09519174,1.0,179.3483,0.42881942,-7.606352,0.06371106,1.0,0.13819359,-34.412144,-100.61587,4.057482,828.28326,9.182468,-9.767525,0.11562786,1.0,183.82083,0.23229988,-7.6843014,0.083198264,1.0,0.36073446,-35.44865,-100.80663,1.2465473,0.025815537643432616,11540.595177173615,165000
26.8961,-30.3731,326.46573,831.12036,9.321285,-9.690663,0.10025562,1.0,170.18771,0.25848436,-7.6178355,0.066581875,1.0,0.08553254,-35.168415,-100.32075,0.9529911,839.382,8.755842,-9.7317,0.10846295,1.0,172.0203,0.28096908,-7.672226,0.08017933,1.0,0.09710156,-35.0971,-100.49741,1.2418485,0.021034306383132934,11645.76671051979,170000
22.834003,-29.142122,429.34076,828.92175,9.476025,-9.665764,0.095275804,1.0,165.6478,0.31590968,-7.6155996,0.06602286,1.0,0.35913876,-33.400887,-102.60367,1.7069001,838.5781,9.241116,-9.7166605,0.105455,1.0,180.33316,0.21616055,-7.694129,0.08565521,1.0,0.1350835,-34.614315,-100.943405,2.1809435,0.017589455556869506,11733.713993310928,175000
38.63817,-37.762512,360.45547,840.40857,9.403598,-9.677578,0.097638555,1.0,191.82874,0.4007823,-7.6140985,0.065647654,1.0,0.12364125,-32.7497,-100.34929,1.4338002,852.0433,9.380838,-9.738356,0.1097941,1.0,183.18979,0.2564536,-7.6831975,0.082922354,1.0,0.015392587,-32.80213,-100.72481,1.9225826,0.014463494920730591,11806.031472444534,180000
96.9794,-87.78387,436.83698,842.8733,9.359115,-9.625439,0.087210655,1.0,172.64648,0.36989632,-7.6096025,0.06452356,1.0,0.12113048,-34.597347,-100.15972,1.3356884,825.20435,9.023439,-9.731578,0.10843849,1.0,185.61455,0.30453834,-7.7100844,0.08964407,1.0,0.31809762,-34.95345,-100.45516,1.3326205,0.014468520164489747,11878.374076366425,185000
38.383774,-23.652409,390.39148,845.6727,9.298519,-9.721001,0.10632308,1.0,187.21979,0.4257192,-7.6182747,0.06669164,1.0,0.5655253,-32.808792,-100.34282,2.799309,852.3738,9.368216,-9.745911,0.111305274,1.0,191.54988,0.34293702,-7.701288,0.087444946,1.0,0.10438739,-33.696476,-100.47927,1.4280452,0.014456588983535766,11950.657024383545,190000
77.43952,-65.69004,474.8033,844.4004,9.331808,-9.647704,0.0916638,1.0,200.6551,0.44754595,-7.6189823,0.06686859,1.0,0.063671626,-32.174606,-100.60454,1.3338233,840.5357,9.3526745,-9.652758,0.092674434,1.0,200.5859,0.5141623,-7.678814,0.081826404,1.0,0.12474385,-32.60037,-100.62178,1.3262224,0.010828986167907714,12004.801956415176,195000
40.733067,-44.51356,352.6877,815.59424,9.214444,-9.694949,0.10111294,1.0,183.53647,0.3943538,-7.6238875,0.06809486,1.0,-0.028523106,-34.39131,-100.54923,1.465331,838.7178,9.4567375,-9.687317,0.09958627,1.0,195.52121,0.40728545,-7.6868067,0.083824515,1.0,-0.011529863,-34.021935,-100.73833,1.1096711,0.008707377195358277,12048.338844776154,200000
66.68588,-39.765873,409.88416,828.73846,9.410868,-9.696706,0.101464055,1.0,188.6138,0.34294444,-7.6066685,0.0637901,1.0,0.060433522,-31.651361,-100.607,1.2912099,836.83044,9.222313,-9.722809,0.106684886,1.0,192.62747,0.53210324,-7.681178,0.082417496,1.0,0.063619845,-35.775238,-100.68268,1.575429,0.2523480437278748,13310.079067707062,205000
98.68649,-78.58737,550.361,855.2053,9.594957,-9.77084,0.1162908,1.0,172.64929,0.250726,-7.6339073,0.07059976,1.0,0.10012081,-35.67005,-100.80773,1.3477762,840.43,9.259731,-9.793968,0.1209167,1.0,171.58246,0.15858692,-7.7093787,0.08946762,1.0,0.10832131,-33.29159,-100.52936,1.9359028,0.03147407126426697,13467.449427843094,210000
19.277794,-13.242564,288.9109,830.29846,8.990721,-9.699407,0.10200427,1.0,177.64607,0.2731437,-7.6318054,0.070074305,1.0,0.02301988,-33.94381,-100.527664,1.2420568,855.58954,9.470894,-9.685436,0.09921028,1.0,178.49976,0.3872481,-7.7069426,0.08885867,1.0,0.051162988,-33.775696,-100.82568,1.842432,0.031455613708496095,13624.727500677109,215000
16.64522,-26.560623,284.37744,829.71594,9.06299,-9.672899,0.09670284,1.0,180.66583,0.30160576,-7.6186476,0.066784926,1.0,0.30316406,-35.875305,-100.401764,1.2247247,814.70764,8.840958,-9.70122,0.102366865,1.0,168.4602,0.29678103,-7.6774487,0.08148513,1.0,0.18664,-33.146904,-100.31403,2.0137258,0.031443424701690675,13781.944626808167,220000
46.11056,-64.02853,374.98718,835.5575,9.351549,-9.659243,0.09397138,1.0,172.14,0.3318429,-7.6275554,0.06901174,1.0,0.06709466,-31.851067,-100.82178,1.1366636,854.5494,9.40072,-9.742469,0.1106169,1.0,179.74176,0.2893268,-7.723351,0.09296075,1.0,0.0072992407,-33.329765,-100.32329,1.3145437,0.03139430375099182,13938.916150569916,225000
19.57956,-17.830215,270.62915,839.7637,9.281866,-9.631782,0.088479176,1.0,151.01108,0.38999286,-7.605187,0.063419625,1.0,0.13736533,-33.556526,-100.32175,2.9229794,843.5211,9.211867,-9.717654,0.105653785,1.0,170.58221,0.3644907,-7.6868286,0.08383015,1.0,0.13410361,-33.996914,-100.46652,1.5808425,0.0313968177318573,14095.900245428085,230000
47.162674,-59.73346,383.75198,838.34875,9.254352,-9.627218,0.08756667,1.0,184.83139,0.41986364,-7.6167336,0.06630623,1.0,0.32383117,-33.79884,-100.29372,2.815786,845.3646,9.450575,-9.676695,0.097461976,1.0,191.80377,0.30647713,-7.692194,0.08517146,1.0,0.028658457,-34.232784,-100.71975,1.2731116,0.031420614719390866,14253.003320455551,235000
31.998047,-27.32025,370.5893,848.274,9.290823,-9.661448,0.0944123,1.0,190.60443,0.36026138,-7.612831,0.06533083,1.0,0.39873338,-33.371082,-99.82532,1.5166006,854.70776,9.568155,-9.715031,0.105129,1.0,183.48878,0.34142184,-7.6996536,0.08703649,1.0,0.2575171,-35.034992,-100.89955,1.1621329,0.03140302929878235,14410.018471240997,240000
35.42526,-46.68005,373.91434,830.41846,9.347181,-9.639954,0.09011373,1.0,188.09714,0.4639066,-7.5927067,0.060299635,1.0,0.06238725,-32.74362,-100.72962,2.6885343,864.603,9.862405,-9.705716,0.10326622,1.0,191.77449,0.4066678,-7.7182755,0.09169181,1.0,0.030419886,-34.636147,-100.485825,1.6234038,0.03138176016807556,14566.927273511887,245000
22.678455,-9.573413,253.23242,845.1498,9.204438,-9.648329,0.09178863,1.0,167.99554,0.36251158,-7.6083126,0.06420102,1.0,0.05564885,-34.94265,-100.49119,1.3280836,831.816,8.938239,-9.709638,0.10405054,1.0,167.75574,0.32048523,-7.7179604,0.09161311,1.0,-0.0053668246,-34.4796,-99.92557,1.5261664,0.031501250600814816,14724.433532476425,250000
62.181507,-33.270267,378.07635,842.2563,9.803173,-9.581547,0.07843209,1.0,167.91397,0.40485856,-7.605851,0.063585706,1.0,0.15814468,-33.473656,-100.66101,1.3319141,826.99255,9.436034,-9.674566,0.09703624,1.0,185.99582,0.28582674,-7.6973863,0.0864695,1.0,0.19952554,-34.04943,-100.183624,2.539091,0.026627513790130616,14857.571104288101,255000
16.372116,-33.64712,411.35284,854.2766,9.731443,-9.610153,0.08415357,1.0,171.7352,0.44110072,-7.6169367,0.06635718,1.0,0.19768158,-35.477417,-100.405815,1.9188589,868.8675,9.940263,-9.692877,0.10069835,1.0,196.54483,0.3932032,-7.7115545,0.09001166,1.0,0.31726447,-35.501038,-100.37549,1.2588019,0.025787740468978883,14986.509811162949,260000
21.011755,-29.507977,306.20966,846.296,9.440517,-9.63804,0.08973104,1.0,178.034,0.30233154,-7.6087794,0.06431784,1.0,0.23031019,-34.987457,-100.25783,1.2938733,843.30676,9.689754,-9.721216,0.10636633,1.0,196.68289,0.41285133,-7.708585,0.08926914,1.0,0.055121265,-33.673615,-100.15845,1.2232628,0.02532619376182556,15113.140784978867,265000
30.577515,-39.02074,447.45807,850.42255,9.597409,-9.632538,0.08863062,1.0,188.48964,0.32904744,-7.6180983,0.06664762,1.0,0.2444766,-34.70649,-100.12666,1.4933429,834.7708,9.430311,-9.722108,0.10654451,1.0,180.088,0.36708003,-7.6927423,0.085308604,1.0,0.23161545,-35.522697,-100.18942,1.5011382,0.01760737657546997,15201.177671670914,270000
192.488,-278.63828,1120.621,859.32263,9.76013,-9.770407,0.116204195,1.0,180.64833,0.28606677,-7.6102724,0.064691044,1.0,0.15187815,-34.217327,-100.24632,2.0141366,848.527,9.190732,-9.782957,0.11871429,1.0,188.22986,0.2892714,-7.7037377,0.08805739,1.0,0.23369169,-35.00707,-100.148766,1.341363,0.01437041516304016,15273.029750347137,275000
35.38318,-21.930824,332.82285,855.2588,9.302631,-9.646112,0.09134542,1.0,173.10281,0.3637665,-7.6176367,0.06653223,1.0,0.114218645,-34.730877,-100.466866,1.2672397,855.9142,9.711038,-9.713937,0.10491037,1.0,186.72974,0.3068516,-7.684155,0.08316164,1.0,0.037163585,-33.44635,-100.148544,2.1368937,0.014339093494415284,15344.725222349167,280000
54.86615,-33.846657,384.76285,854.4822,9.431271,-9.6974325,0.10160953,1.0,189.43585,0.36039472,-7.633461,0.070488214,1.0,0.11949066,-34.724007,-100.253235,1.2115848,858.5665,9.668134,-9.656137,0.0933504,1.0,200.9375,0.3340647,-7.684534,0.08325636,1.0,0.093426734,-34.598656,-100.156624,1.7316835,0.01435537166595459,15416.502082824707,285000
72.14943,-51.619682,415.68756,834.17865,9.449014,-9.644379,0.090998776,1.0,196.67633,0.3720885,-7.5973015,0.061448358,1.0,0.1858407,-33.625145,-100.21071,1.4637983,849.0808,9.592463,-9.694202,0.100963496,1.0,182.24353,0.35567474,-7.6806507,0.08228563,1.0,0.028388217,-35.671745,-99.828445,2.0856433,0.014351742219924926,15488.260795354843,290000
119.877594,-72.92892,547.77386,843.8135,9.292039,-9.747042,0.1115312,1.0,184.29202,0.3520841,-7.6295223,0.06950352,1.0,-0.043699093,-35.29486,-100.497154,1.5828654,847.4454,9.444166,-9.738586,0.10984025,1.0,177.3171,0.4440816,-7.6746097,0.08077536,1.0,-0.03899754,-33.837585,-100.15664,1.3664722,0.014401066637039184,15560.26612997055,295000
29.333773,-26.647333,298.62,840.6449,9.380341,-9.62129,0.08638102,1.0,171.68121,0.32172188,-7.6140866,0.06564461,1.0,0.18761006,-32.03839,-100.071,1.3845154,837.0624,8.873575,-9.718745,0.10587205,1.0,190.38629,0.3072244,-7.734277,0.09569202,1.0,0.410247,-33.276897,-100.16887,1.1915133,0.008805653619766235,15604.294400691986,300000
41.232388,-40.61822,322.83893,830.05066,8.930613,-9.647287,0.09158051,1.0,174.80318,0.4046526,-7.611392,0.06497094,1.0,0.11899041,-34.02974,-100.37561,1.0806339,851.6603,9.5518055,-9.713264,0.10477579,1.0,181.0412,0.39801675,-7.7045507,0.08826048,1.0,0.24589582,-34.249733,-100.11741,1.1005194,0.24371611018180847,16822.87495326996,305000
68.2773,-42.643173,393.66052,839.0718,9.347464,-9.651113,0.09234536,1.0,165.96529,0.3266639,-7.629671,0.069540635,1.0,0.13710436,-34.046463,-100.50254,1.3281475,836.67914,9.387323,-9.737825,0.10968806,1.0,191.2536,0.3119499,-7.699823,0.08707865,1.0,0.122822784,-34.485992,-100.3111,1.6515676,0.03149213223457337,16980.33562040329,310000
44.880787,-48.45305,375.43463,829.1105,9.162912,-9.7002535,0.10217359,1.0,157.4751,0.2184065,-7.6119776,0.06511746,1.0,0.06553077,-34.356895,-100.11478,1.490876,845.536,9.32781,-9.732638,0.10865072,1.0,171.87228,0.3207689,-7.6987486,0.08681013,1.0,0.0543959,-32.93863,-100.10654,1.356657,0.03147984585762024,17137.734853744507,315000
114.207016,-197.77847,912.2438,842.1719,9.327228,-9.710205,0.104164146,1.0,180.88074,0.37160498,-7.6051817,0.06341839,1.0,-0.054883674,-34.523026,-100.75366,5.1473045,837.4938,9.295992,-9.74743,0.11160884,1.0,193.67899,0.21811558,-7.6913605,0.084963135,1.0,-0.03605196,-34.092766,-100.74348,2.051735,0.031467428827285766,17295.07200241089,320000
84.73958,-48.535618,465.47864,841.1906,9.344948,-9.623911,0.08690516,1.0,172.46924,0.36330897,-7.6231794,0.06791786,1.0,0.28186804,-33.914646,-99.95181,1.4123784,853.9369,9.561747,-9.685095,0.099141836,1.0,191.15807,0.47183427,-7.7049923,0.08837103,1.0,0.10767617,-35.895573,-99.86966,1.7669145,0.031435058975219726,17452.247302293777,325000
18.176119,-31.937223,311.72803,846.91565,9.408537,-9.660564,0.094235815,1.0,181.89374,0.42583072,-7.605562,0.0635134,1.0,0.13988566,-34.730804,-100.093216,3.4649854,866.3365,9.215178,-9.70392,0.10290723,1.0,179.15755,0.36028373,-7.6996136,0.08702642,1.0,0.11740313,-33.82674,-100.240814,1.5435383,0.03139702277183533,17609.232417345047,330000
71.29506,-46.548954,408.90472,851.7474,9.736589,-9.613905,0.08490405,1.0,170.49068,0.38800192,-7.619075,0.066891596,1.0,0.12250907,-35.229336,-99.80098,1.167444,827.52875,9.036993,-9.688978,0.0999185,1.0,197.90976,0.3173239,-7.7011647,0.087414056,1.0,0.15782782,-32.236862,-99.66425,1.2520363,0.03144384627342224,17766.4516518116,335000
106.55527,-76.56526,506.43005,831.5456,9.246111,-9.704507,0.10302434,1.0,178.03079,0.38315204,-7.601553,0.0625112,1.0,0.006896995,-33.24122,-99.92218,1.1361108,839.147,9.308642,-9.771236,0.116370276,1.0,182.72916,0.26117247,-7.697555,0.08651178,1.0,0.028418563,-35.026016,-99.76849,1.7276379,0.03143917694091797,17923.647539377213,340000
45.3951,-48.907574,390.33994,841.5293,9.209614,-9.6835375,0.098830454,1.0,178.25896,0.34945112,-7.5978065,0.06157455,1.0,0.18676543,-33.075912,-100.42255,1.1550666,842.5426,9.293675,-9.644639,0.091050796,1.0,184.24933,0.30683625,-7.703684,0.0880439,1.0,0.09319466,-32.75594,-99.57659,2.1141844,0.03141601772308349,18080.727632761,345000
52.52111,-42.94544,453.59692,848.5619,9.514536,-9.699377,0.101998545,1.0,188.42741,0.3296324,-7.6222305,0.06768069,1.0,0.18542418,-33.98081,-99.88706,1.3492081,856.26,9.634018,-9.641265,0.0903759,1.0,182.755,0.35766494,-7.690817,0.08482719,1.0,0.058859542,-34.580536,-99.56271,1.5386231,0.029267532920837402,18227.065301179886,350000
66.4349,-66.59789,430.195,829.06024,8.961472,-9.663372,0.09479742,1.0,161.75201,0.26920652,-7.61066,0.06478798,1.0,0.14600211,-35.238716,-99.68596,1.3758202,874.996,10.072626,-9.70525,0.1031729,1.0,173.78963,0.41134003,-7.689288,0.08444492,1.0,0.11675169,-35.3814,-99.90626,1.2638733,0.02578129734992981,18355.971791267395,355000
38.106297,-29.891033,328.4797,835.4768,8.965404,-9.6375885,0.08964046,1.0,169.95007,0.32152045,-7.614176,0.06566698,1.0,0.13559473,-33.767384,-100.13588,1.7144626,839.61084,8.9792595,-9.747202,0.11156352,1.0,172.00635,0.16218391,-7.6931305,0.08540568,1.0,0.122941114,-32.878147,-99.83577,2.290941,0.02577993268966675,18484.871457099915,360000
16.7923,-12.295162,277.6809,854.7319,9.774736,-9.629225,0.08796807,1.0,179.69302,0.34927413,-7.6391463,0.07190956,1.0,0.030965418,-35.22107,-99.69488,6.1711025,848.7261,9.35178,-9.758894,0.11390176,1.0,196.25806,0.2631475,-7.715399,0.09097265,1.0,0.091797695,-34.430138,-99.90933,1.3798891,0.02577133584022522,18613.728137731552,365000
19.804436,-29.887627,296.963,838.42773,9.272989,-9.613758,0.08487468,1.0,180.16373,0.48941743,-7.6123433,0.06520876,1.0,0.0059621856,-34.793602,-99.4293,1.3684793,839.2021,9.441098,-9.711128,0.10434868,1.0,170.54529,0.15860021,-7.6861544,0.083661616,1.0,0.0077787265,-34.38735,-100.16176,1.121286,0.022681216192245484,18727.134223222733,370000
37.787704,-46.70885,311.5133,826.96204,9.160204,-9.634529,0.08902891,1.0,159.76189,0.31381416,-7.6018085,0.06257506,1.0,0.2352897,-32.31792,-100.948456,1.3481736,860.51074,9.657045,-9.682407,0.0986045,1.0,184.43619,0.38692588,-7.678638,0.08178246,1.0,0.24865064,-35.57244,-99.5564,1.6185447,0.015186109399795531,18803.064774751663,375000
25.96378,-40.546383,427.7451,849.2361,9.675411,-9.646938,0.09151044,1.0,190.0267,0.43104255,-7.6204057,0.06722438,1.0,0.10116427,-33.94895,-100.65097,1.8147824,848.0637,9.493757,-9.696629,0.10144855,1.0,186.9824,0.34235162,-7.6911173,0.08490222,1.0,0.16233635,-33.07267,-99.8132,1.6594188,0.014374846935272217,18874.93901348114,380000
18.179178,-29.007885,405.68018,842.39856,9.447685,-9.645069,0.09113667,1.0,185.56409,0.3828612,-7.6150255,0.0658793,1.0,-0.0012241602,-33.77807,-99.65279,2.0152643,833.72754,9.32704,-9.710411,0.104205325,1.0,197.9165,0.3403583,-7.7227235,0.0928038,1.0,0.06764979,-32.752983,-99.616806,2.2989914,0.014373198890686036,18946.8050096035,385000
43.591335,-72.34278,347.90765,847.675,9.3164215,-9.655724,0.0932676,1.0,183.15567,0.36689273,-7.6039734,0.0631163,1.0,0.01895614,-35.095245,-99.449554,1.2213688,860.79565,9.641678,-9.708828,0.10388855,1.0,174.55144,0.36242414,-7.700968,0.08736486,1.0,0.05525729,-34.644203,-99.34764,1.2974484,0.014424404907226563,19018.927037000656,390000
18.269028,-16.992504,281.0136,840.87256,9.141826,-9.705082,0.103139475,1.0,176.50992,0.26806825,-7.6093845,0.06446907,1.0,0.10963987,-34.669807,-99.98576,1.2819381,851.68787,9.425292,-9.721463,0.10641559,1.0,163.83115,0.27451622,-7.6839495,0.08311036,1.0,0.08231739,-35.06198,-99.88707,4.3787975,0.01447757568359375,19091.314918994904,395000
56.838722,-47.77308,351.68292,846.02893,9.732656,-9.622527,0.08662843,1.0,179.18347,0.3050509,-7.617449,0.06648517,1.0,0.05767256,-35.060474,-100.28226,1.5469768,861.5431,9.831291,-9.745224,0.11116769,1.0,182.87894,0.45026395,-7.7070804,0.08889303,1.0,0.08997619,-36.55046,-99.85123,1.5810224,0.013645361328125,19159.54172897339,400000
47.630924,-61.45423,383.6472,834.7903,9.6292305,-9.647773,0.09167757,1.0,175.67941,0.339442,-7.596366,0.061214358,1.0,0.3061157,-33.01284,-99.82628,1.2135041,841.8027,9.52531,-9.67358,0.09683904,1.0,169.00008,0.31081203,-7.6845484,0.083260074,1.0,-0.04648745,-35.804,-99.569496,1.2297494,0.30210492367744446,20670.066349506378,405000
30.434671,-24.164288,353.06287,832.19635,9.349182,-9.685389,0.09920084,1.0,164.68149,0.26127863,-7.6108217,0.06482841,1.0,0.44784397,-34.958153,-100.2664,1.2325532,851.9086,9.390886,-9.7709,0.116302945,1.0,189.13528,0.23135346,-7.708041,0.08913328,1.0,0.7075888,-35.070465,-99.48042,1.3490201,0.03150108690261841,20827.571788311005,410000
136.78975,-75.685394,488.3599,844.50287,9.599716,-9.673437,0.09681045,1.0,172.2556,0.3028779,-7.604591,0.06327071,1.0,0.12147369,-35.925533,-99.595184,1.2038147,842.4344,9.457394,-9.673801,0.09688317,1.0,187.87485,0.37691247,-7.6939936,0.08562141,1.0,0.18599737,-35.422165,-99.517715,1.3665192,0.031448229026794436,20984.812935590744,415000
47.63577,-82.61162,462.56555,851.21405,9.560936,-9.66324,0.09477096,1.0,175.67752,0.42243707,-7.612784,0.0653189,1.0,0.062284276,-34.59758,-99.53747,3.7551708,839.92444,9.19943,-9.738169,0.10975666,1.0,171.52174,0.3219967,-7.707127,0.08890474,1.0,0.062388428,-33.65199,-99.49783,1.9200902,0.03136875228881836,21141.65670275688,420000
53.425037,-20.816868,318.25354,844.12524,9.193678,-9.627943,0.08771165,1.0,186.02386,0.3480255,-7.609764,0.06456404,1.0,0.16193756,-36.320225,-99.555756,1.2851486,849.1204,9.601049,-9.6742325,0.09696944,1.0,197.32468,0.33645856,-7.6876893,0.08404521,1.0,-0.0019704998,-35.553497,-100.27092,1.7739478,0.03142143111228943,21298.763861894608,425000
31.202042,-41.74187,406.04608,844.9405,9.264708,-9.642,0.09052301,1.0,173.58627,0.40734607,-7.6060424,0.063633606,1.0,0.15352038,-35.053238,-99.77962,1.4623449,829.8095,9.124429,-9.734525,0.1090279,1.0,177.64204,0.37946647,-7.7110915,0.08989578,1.0,0.18331774,-34.864555,-99.81578,1.5985119,0.026112862730026245,21429.32817721367,430000
123.70467,-90.59293,556.697,839.5869,9.2127,-9.676413,0.09740546,1.0,186.18285,0.41149834,-7.590792,0.05982101,1.0,0.07256277,-34.07613,-99.64931,1.426289,829.62,9.481607,-9.688343,0.09979176,1.0,184.45708,0.33710074,-7.696373,0.08621613,1.0,0.13834539,-34.14727,-100.65082,1.4213603,0.025727382278442384,21557.965092658997,435000
45.577766,-39.46794,368.0858,846.9376,9.932877,-9.611067,0.084336214,1.0,173.59804,0.32972804,-7.594988,0.06086988,1.0,0.1246977,-32.832268,-99.46872,1.7191327,849.6395,9.293221,-9.716122,0.1053473,1.0,194.47,0.39707947,-7.6907034,0.08479887,1.0,0.19052157,-35.084812,-99.44194,1.6356548,0.02573267240524292,21686.628456115723,440000
24.957346,-24.624975,292.01077,842.213,9.30803,-9.64971,0.09206503,1.0,180.22882,0.39858818,-7.6234965,0.067997135,1.0,0.19346619,-33.66409,-99.54757,1.4150084,848.98126,9.507174,-9.65244,0.092611104,1.0,176.66037,0.46042895,-7.6887245,0.08430414,1.0,0.024836883,-35.309593,-99.90125,1.2023816,0.02575034484863281,21815.38018488884,445000
18.560734,-16.037926,262.02136,823.92053,9.308664,-9.644611,0.09104529,1.0,160.24115,0.3800539,-7.599407,0.061974846,1.0,0.14927247,-34.542503,-99.46012,1.2615047,844.8346,9.758661,-9.668147,0.095752314,1.0,181.05598,0.28697878,-7.7075768,0.08901718,1.0,0.1792348,-35.548992,-99.695244,1.580532,0.025755467796325683,21944.1575255394,450000
26.207611,-55.72513,336.90753,840.18835,9.208126,-9.657177,0.09355833,1.0,180.73239,0.26200303,-7.592436,0.06023186,1.0,0.015332043,-35.53991,-100.32263,2.862021,838.7338,9.393342,-9.698016,0.101726174,1.0,188.41422,0.2653712,-7.71537,0.09096559,1.0,-0.004007928,-33.95608,-99.78067,4.407388,0.022196043348312378,22055.137748479843,455000
24.68885,-31.854242,362.18768,836.7886,8.863116,-9.7734165,0.11680634,1.0,177.97919,0.29341197,-7.5917206,0.060053095,1.0,-0.09426488,-31.931995,-100.91123,2.0551393,851.8671,8.721721,-9.842754,0.13067375,1.0,172.75917,0.40669817,-7.717527,0.09150468,1.0,-0.07933895,-33.708225,-99.572815,1.7750633,0.020091184186935424,22155.593672037125,460000
31.281776,-24.027527,360.4935,844.75543,9.391668,-9.656773,0.09347746,1.0,184.76704,0.3898623,-7.5966277,0.06127988,1.0,0.4522164,-34.427414,-99.800705,1.7920401,840.8986,9.302797,-9.692939,0.10071073,1.0,186.30325,0.25737002,-7.70551,0.08850059,1.0,0.5017801,-34.409534,-99.73534,4.6358347,0.020083128595352173,22256.009319067,465000
17.82065,-34.391808,335.74448,846.16956,9.5219555,-9.635969,0.08931685,1.0,164.55405,0.30030915,-7.6030545,0.06288657,1.0,0.50040084,-34.375774,-99.59468,1.2366654,849.6609,9.221225,-9.709638,0.10405054,1.0,177.88466,0.22503215,-7.702634,0.08778145,1.0,0.093184926,-34.304203,-100.357574,1.3289511,0.019323858547210693,22352.628613233566,470000
42.492455,-34.15674,312.3406,840.2577,9.239784,-9.615687,0.08526039,1.0,174.30983,0.3316592,-7.5946927,0.060796212,1.0,0.042740695,-34.08831,-99.512405,1.293145,853.25037,9.514329,-9.7663765,0.11539825,1.0,161.06612,0.20626566,-7.734106,0.095649526,1.0,-0.02704876,-33.57414,-99.5381,1.6015627,0.014395429944992065,22424.6057677269,475000
105.86056,-86.64312,531.67737,834.5221,8.920935,-9.650385,0.092199884,1.0,184.17532,0.43820232,-7.6025486,0.062760234,1.0,0.006674476,-32.782143,-99.6022,1.5684471,846.2007,9.2107115,-9.730914,0.108305894,1.0,166.63837,0.36426252,-7.7155247,0.09100418,1.0,0.015197925,-34.081924,-99.48102,1.0800072,0.014375821018218994,22496.484875440598,480000
12.695827,-31.919489,268.2777,823.12396,8.884622,-9.658257,0.09377414,1.0,179.06773,0.3588804,-7.593976,0.06061708,1.0,0.16885751,-35.857025,-99.94281,1.3532845,843.92554,9.328951,-9.742178,0.110558584,1.0,183.8723,0.34372082,-7.6879025,0.08409862,1.0,-0.009103321,-32.382866,-99.394135,2.1606417,0.014391017055511475,22568.43996167183,485000
64.97125,-119.733154,513.7508,844.6288,9.51209,-9.674104,0.09694367,1.0,183.89948,0.2505905,-7.606446,0.06373444,1.0,0.096619196,-37.0259,-99.8436,1.2954972,849.2488,9.53444,-9.697782,0.10167923,1.0,191.73276,0.40639395,-7.6867523,0.08381099,1.0,0.06671037,-34.502174,-99.317566,1.6606643,0.014363752698898315,22640.25872683525,490000
36.71489,-21.250647,380.01266,849.10516,9.486817,-9.626961,0.08751523,1.0,195.82819,0.40603667,-7.609384,0.064469054,1.0,0.085422754,-35.64825,-99.44771,1.4915782,861.03406,9.700351,-9.673517,0.096826345,1.0,199.96642,0.48192,-7.7001534,0.08716129,1.0,0.04967227,-34.008133,-99.510956,1.5862591,0.01024012246131897,22691.45934200287,495000
86.39048,-132.67355,501.34137,859.5759,10.079048,-9.636452,0.08941322,1.0,191.68224,0.5227807,-7.5987325,0.061806113,1.0,0.14571284,-35.374947,-100.5454,1.5434895,845.17456,9.493535,-9.780652,0.118253306,1.0,184.84393,0.35243833,-7.697977,0.08661716,1.0,0.21009208,-34.99572,-99.61287,1.4538244,0.008672745180130005,22734.82307267189,500000
33.676678,-46.333504,325.74585,843.7435,9.556012,-9.597599,0.08164286,1.0,191.66388,0.40961766,-7.6015053,0.06249936,1.0,0.08378724,-36.058117,-99.5565,1.3049955,859.34485,9.587086,-9.685027,0.09912829,1.0,192.64328,0.3103091,-7.6950045,0.08587418,1.0,-0.071178935,-32.97235,-99.84,2.035227,0.35084866347312926,24489.066395521164,505000
60.734802,-120.05953,548.4084,851.11865,9.826477,-9.674507,0.09702436,1.0,177.92188,0.3525825,-7.606136,0.06365694,1.0,0.13053182,-36.05433,-100.89418,1.4585205,844.5563,9.521149,-9.704166,0.10295625,1.0,186.41898,0.36920193,-7.7228513,0.09283578,1.0,0.11962105,-35.78276,-100.50305,1.6351681,0.028000256109237672,24629.067678689957,510000
25.65083,-23.933702,349.99332,843.21655,9.436432,-9.628626,0.087847985,1.0,169.24051,0.40705454,-7.6072845,0.06394405,1.0,0.15632181,-34.355286,-102.10347,1.9987146,847.68085,9.494713,-9.657736,0.09367007,1.0,166.94183,0.35877395,-7.696555,0.08626175,1.0,0.037975483,-35.53446,-99.43921,1.98107,0.025692288875579835,24757.529126167297,515000
24.14035,-15.61252,269.39642,847.37573,9.935895,-9.582213,0.07856553,1.0,168.42303,0.35805818,-7.5923657,0.060214486,1.0,0.2242948,-34.163864,-101.82318,1.3026025,836.9088,9.434251,-9.701691,0.10246129,1.0,170.60342,0.26679397,-7.7147856,0.09081936,1.0,0.027332805,-35.84088,-100.84149,1.1493288,0.02574631233215332,24886.260689735413,520000
170.49606,-169.50826,766.12067,853.077,9.252031,-9.69768,0.10165896,1.0,186.78757,0.49354798,-7.5915403,0.060008038,1.0,0.06891854,-35.375328,-100.73837,1.3532002,866.69824,9.812457,-9.745337,0.11119008,1.0,193.00114,0.36153644,-7.699936,0.08710694,1.0,0.10402214,-34.212387,-99.32342,1.4910562,0.025743370485305787,25014.97754597664,525000
18.904339,-28.804497,310.42096,835.1559,9.07749,-9.64469,0.09106093,1.0,183.43791,0.41679144,-7.6266937,0.068796515,1.0,0.016363658,-35.059708,-99.327896,1.2375271,824.6603,8.774342,-9.727703,0.10766374,1.0,180.7626,0.25353703,-7.6916037,0.085023984,1.0,-0.020850152,-31.723091,-99.369965,1.797158,0.02574317293167114,25143.693413496017,530000
23.402874,-16.086744,258.1576,814.97595,9.111435,-9.643207,0.09076423,1.0,166.41702,0.25399953,-7.6225486,0.067760095,1.0,0.027586907,-34.38858,-100.160515,1.2636075,835.78955,9.524145,-9.682311,0.09858518,1.0,193.74493,0.4558167,-7.6932225,0.085428566,1.0,0.049264573,-33.581272,-99.2471,1.5592235,0.02575531482696533,25272.469989299774,535000
23.991026,-35.696453,355.90897,835.67004,9.1551895,-9.641138,0.09035057,1.0,164.63495,0.25671947,-7.5995207,0.06200309,1.0,0.55244,-34.16929,-100.77012,1.3293962,844.98267,9.601308,-9.700525,0.10222801,1.0,172.34021,0.26464987,-7.6851044,0.0833991,1.0,0.46533397,-33.43294,-99.3121,2.3814993,0.02338613781929016,25389.400680541992,540000
34.472538,-53.947342,335.53818,848.28467,9.483509,-9.637745,0.08967195,1.0,169.02359,0.41953468,-7.607457,0.06398717,1.0,0.059691705,-35.696297,-101.12234,1.6251564,826.4308,9.046497,-9.722776,0.106678285,1.0,179.18842,0.39680344,-7.712494,0.090246424,1.0,0.07277671,-33.641533,-99.842865,1.5911825,0.020075209045410155,25489.776728391647,545000
40.4649,-17.905285,365.47675,830.1967,9.149763,-9.684789,0.09908069,1.0,182.09302,0.35746962,-7.6053753,0.06346667,1.0,0.18223168,-35.31932,-101.21151,2.1620789,836.6373,9.4053545,-9.707233,0.10356965,1.0,185.09444,0.36090147,-7.6735067,0.080499664,1.0,0.095585585,-34.749374,-99.83396,1.7063577,0.020060182571411133,25590.077644109726,550000
69.37118,-68.47171,400.1427,848.0643,9.652815,-9.615085,0.085139915,1.0,189.23949,0.469857,-7.608422,0.0642284,1.0,0.20133731,-32.8715,-99.16144,1.553341,866.3611,9.447981,-9.682543,0.09863148,1.0,202.03174,0.6017359,-7.6910114,0.08487574,1.0,0.10302293,-33.564713,-99.025894,1.8379074,0.020067928171157837,25690.417287826538,555000
29.289932,-22.242695,323.93167,840.6944,9.194058,-9.621317,0.08638639,1.0,185.0767,0.46172184,-7.6018105,0.06257563,1.0,0.07822509,-32.823315,-99.64833,1.1974182,850.9779,9.186634,-9.752218,0.11256676,1.0,197.00201,0.34022135,-7.71367,0.09054043,1.0,0.07170425,-35.815765,-100.51984,1.3096417,0.020090536928176878,25790.869974136353,560000
38.45523,-28.558607,297.60352,836.3887,9.253826,-9.597914,0.08170573,1.0,183.59326,0.41120347,-7.603677,0.06304219,1.0,0.13484153,-35.478523,-99.71232,1.3573525,853.7798,9.403767,-9.739424,0.1100075,1.0,196.98816,0.41664922,-7.682495,0.082746744,1.0,0.06634504,-36.55142,-99.14929,3.0624466,0.020103905057907104,25891.38950419426,565000
10.240893,-15.755854,245.51596,842.9214,9.483849,-9.63176,0.088475004,1.0,165.07407,0.36382204,-7.5837293,0.058055237,1.0,1.0928713,-35.49636,-99.90698,1.1244004,847.0032,9.714197,-9.633692,0.08886131,1.0,175.9878,0.33976334,-7.697198,0.086422384,1.0,0.30967835,-35.02629,-99.57408,1.5100856,0.015975065183639527,25971.26483154297,570000
26.266714,-29.65308,313.42105,860.21936,9.67499,-9.64736,0.09159484,1.0,169.3634,0.3654762,-7.590701,0.059798192,1.0,0.39690983,-35.12473,-99.943855,1.6440856,837.94824,9.430908,-9.686739,0.09947087,1.0,175.76335,0.27331626,-7.701602,0.08752343,1.0,0.1201965,-34.031807,-99.83061,1.612704,0.014364692831039428,26043.08829808235,575000
50.707455,-48.2952,405.58835,843.50964,9.631714,-9.620043,0.086131334,1.0,166.17157,0.2165786,-7.6027956,0.06282182,1.0,0.08098116,-34.853416,-99.34454,1.2519178,842.949,9.423784,-9.703035,0.10273003,1.0,176.14171,0.30508763,-7.6957755,0.08606677,1.0,0.024572961,-34.644836,-99.190315,2.2485394,0.014368050146102906,26114.92855000496,580000
23.723558,-16.210373,265.4889,835.86993,9.207689,-9.634508,0.08902472,1.0,188.45209,0.47744814,-7.6034813,0.062993385,1.0,0.060898103,-34.74481,-100.45326,1.2510929,848.4415,9.307261,-9.675197,0.09716231,1.0,200.27072,0.3775281,-7.725027,0.09337969,1.0,0.002967447,-35.283936,-99.724976,2.6934638,0.010400104522705077,26166.92907524109,585000
23.201288,-31.57622,452.47437,845.6606,9.134411,-9.650482,0.092219345,1.0,181.05206,0.4510997,-7.592078,0.060142443,1.0,-0.021240294,-34.49295,-99.851585,2.3401222,859.1132,9.646708,-9.672228,0.09656844,1.0,192.51834,0.4075086,-7.6988335,0.08683126,1.0,-0.018200703,-33.45022,-99.2475,1.698444,0.008668418979644776,26210.271173477173,590000
44.192078,-30.67625,277.11948,834.958,9.274158,-9.64836,0.0917951,1.0,177.00412,0.42858255,-7.617497,0.06649725,1.0,0.10943741,-34.09276,-100.09668,1.0535047,859.65393,9.29224,-9.707899,0.10370276,1.0,171.32199,0.33113897,-7.7166343,0.09128155,1.0,0.07200778,-34.54242,-99.92594,1.6337357,0.008677805614471436,26253.66020321846,595000
148.44946,-115.44223,609.0058,842.99634,9.346764,-9.659439,0.09401089,1.0,176.62714,0.26496822,-7.6240664,0.06813953,1.0,0.13691086,-34.101463,-99.41046,1.5999544,860.5363,9.499896,-9.682654,0.09865378,1.0,192.23499,0.36720622,-7.67442,0.08072792,1.0,0.1487009,-34.39144,-99.24988,1.3224669,0.008697476291656495,26297.14758682251,600000
22.845655,-25.402273,346.61078,820.6007,8.978704,-9.677259,0.097575046,1.0,163.23462,0.24615835,-7.602926,0.062854424,1.0,0.12699947,-34.098244,-99.80172,1.7681196,855.0154,9.562002,-9.691313,0.10038531,1.0,172.0939,0.27243754,-7.6842985,0.08319758,1.0,0.15001157,-35.678257,-99.261444,1.7398349,0.4320816225528717,28457.555701732635,605000
51.557793,-45.699394,386.26773,827.09656,9.273563,-9.642382,0.0905993,1.0,163.37518,0.34145138,-7.5989547,0.061861634,1.0,0.09129884,-34.234276,-99.509,4.059139,839.3047,9.425624,-9.712419,0.10460668,1.0,178.1814,0.39052278,-7.6913395,0.08495788,1.0,0.055993974,-33.89205,-99.5776,1.8869803,0.025767853355407714,28586.394973039627,610000
136.06367,-295.21957,1007.2959,848.802,9.377483,-9.69729,0.10158094,1.0,182.57971,0.400231,-7.592164,0.06016396,1.0,0.10205314,-33.658516,-99.979324,1.4182258,855.50867,10.036752,-9.733301,0.10878301,1.0,192.53922,0.40029868,-7.693657,0.085537165,1.0,0.04776357,-35.028797,-99.506836,1.8629081,0.025687281370162966,28714.83138203621,615000
30.501757,-27.810495,271.61176,840.13556,9.469884,-9.620129,0.08614852,1.0,164.56021,0.42744485,-7.59793,0.061605453,1.0,0.12126037,-34.525604,-99.3536,1.0554299,840.9265,9.370794,-9.664797,0.09508219,1.0,190.34674,0.44338366,-7.6979694,0.086615324,1.0,0.11393313,-34.09607,-99.07536,1.9680381,0.02574330348968506,28843.547903060913,620000
44.257687,-25.558737,314.80554,848.07623,9.257748,-9.647754,0.091673754,1.0,203.00687,0.47313654,-7.5763283,0.056205083,1.0,0.1883724,-33.79983,-99.65167,1.3269355,856.0586,9.448449,-9.706379,0.10339867,1.0,169.5543,0.31325853,-7.695995,0.08612168,1.0,0.09412302,-35.37757,-99.280655,1.5579884,0.02385591721534729,28962.82749223709,625000
31.365742,-64.73663,350.6609,842.2739,9.542976,-9.6456375,0.091250576,1.0,188.1359,0.46191394,-7.6048164,0.063327044,1.0,0.19653061,-34.750748,-99.24179,1.2766361,870.02924,9.920671,-9.712683,0.104659535,1.0,192.90823,0.3706503,-7.695417,0.08597716,1.0,0.07058902,-36.288887,-99.100235,2.1535678,0.020046089696884154,29063.057944059372,630000
28.26977,-50.0352,364.404,846.87085,9.564308,-9.582356,0.07859426,1.0,162.24243,0.45894957,-7.597302,0.061448436,1.0,0.17108986,-35.77111,-99.30467,1.7818426,839.44934,8.982557,-9.730793,0.10828165,1.0,175.85783,0.23364295,-7.6954865,0.0859945,1.0,0.040724806,-32.711536,-99.3938,1.4598501,0.020068253993988035,29163.399216413498,635000
33.539173,-25.887363,356.23193,837.8589,9.233799,-9.660498,0.094222344,1.0,192.55945,0.43686274,-7.602701,0.062798396,1.0,-0.044985488,-35.368134,-100.354095,1.2554214,833.37,9.224884,-9.707091,0.103541195,1.0,177.01698,0.29588553,-7.7220325,0.09263109,1.0,-0.004703857,-34.77755,-99.558975,1.8747896,0.02010794801712036,29263.938958644867,640000
77.58051,-34.23583,427.399,827.37665,9.168325,-9.638388,0.08980054,1.0,182.94586,0.2985415,-7.6075783,0.064017534,1.0,0.11248162,-36.520344,-100.403595,1.1634724,833.2151,9.363262,-9.695135,0.10114993,1.0,188.92877,0.36291817,-7.6991186,0.086902626,1.0,0.10214821,-33.615654,-99.363144,1.5692855,0.020081388330459596,29364.34590291977,645000
28.492928,-44.52249,349.16684,858.7483,9.630669,-9.598248,0.081772424,1.0,175.55826,0.4002498,-7.58856,0.05926294,1.0,0.025364101,-34.408104,-99.14839,4.61858,832.338,9.061811,-9.729317,0.10798635,1.0,191.86041,0.3319307,-7.6919184,0.08510263,1.0,-0.004297383,-35.3288,-99.65562,1.1496675,0.017494011878967285,29451.815965890884,650000
22.110767,-17.187946,265.73672,844.4901,9.346926,-9.580862,0.07829537,1.0,181.35794,0.36921763,-7.6064663,0.06373954,1.0,0.05673714,-33.901375,-100.32602,1.2438889,863.3205,9.452723,-9.6801815,0.09815935,1.0,187.84645,0.38683283,-7.7029448,0.087859035,1.0,-0.01744344,-32.45105,-99.10505,1.8433766,0.008663046789169312,29495.131201028824,655000
40.525055,-49.451157,574.7969,843.6076,9.641661,-9.651776,0.092478275,1.0,174.50021,0.40891904,-7.5805297,0.05725537,1.0,0.011620693,-35.17865,-99.90221,4.162346,861.1561,9.508823,-9.696001,0.10132331,1.0,174.1702,0.38025814,-7.693889,0.08559525,1.0,0.042443246,-34.758827,-99.48992,2.40285,0.008655389595031739,29538.408151626587,660000
31.614178,-38.888676,274.45972,848.9912,9.7137375,-9.59169,0.08046093,1.0,176.08049,0.3608505,-7.5979376,0.061607435,1.0,0.27560592,-33.122677,-99.88352,1.2625422,834.4077,9.37701,-9.666377,0.09539826,1.0,183.47028,0.32902163,-7.6943483,0.08571009,1.0,0.07143644,-34.295013,-99.40439,2.7768269,0.00864750599861145,29581.64568400383,665000
55.99918,-65.33307,426.6072,847.2381,9.135576,-9.648489,0.0918208,1.0,167.32584,0.4262963,-7.5846434,0.0582837,1.0,-0.015053615,-37.773323,-99.71854,1.0370748,856.2849,9.668865,-9.664316,0.09498611,1.0,162.29547,0.2916152,-7.708383,0.0892187,1.0,0.059797272,-35.779186,-99.75097,1.9777341,0.008681717109680175,29625.054270744324,670000
23.954914,-41.918064,316.73117,849.5995,9.662123,-9.599902,0.08210348,1.0,192.05162,0.4736277,-7.5872793,0.058942802,1.0,-0.032471523,-33.63823,-99.46684,1.3638668,854.1111,9.8853655,-9.664037,0.09493036,1.0,196.19272,0.5132043,-7.7313085,0.09495009,1.0,0.06930149,-35.18291,-99.37399,2.3102124,0.00870154094696045,29668.561978578568,675000
21.194334,-17.73662,268.74258,840.76416,9.5793,-9.616843,0.085491695,1.0,181.1879,0.29062128,-7.5991096,0.0619004,1.0,0.09867151,-35.070763,-99.882,1.9618281,850.87744,9.0172,-9.688854,0.0998936,1.0,187.64731,0.2842716,-7.7216687,0.0925402,1.0,0.27024096,-33.989914,-99.69948,1.4232044,0.008690094041824342,29712.012451171875,680000
36.98593,-50.756298,360.28116,817.45526,8.917621,-9.63852,0.08982696,1.0,180.5461,0.35578105,-7.609989,0.06462024,1.0,0.1963811,-35.859627,-99.70599,1.0723069,866.14734,9.909866,-9.641547,0.09043247,1.0,179.83942,0.37714756,-7.677314,0.08145131,1.0,0.056098923,-35.54882,-99.164154,1.8686453,0.008688868141174316,29755.456793308258,685000
83.98765,-65.63553,582.42206,829.1836,9.117708,-9.703735,0.10287011,1.0,178.83705,0.34276152,-7.610944,0.06485895,1.0,0.17668019,-33.590523,-100.24888,1.6613567,848.4848,8.924631,-9.754789,0.11308084,1.0,171.31052,0.32932082,-7.691061,0.08488832,1.0,0.21605341,-32.982872,-99.41521,1.6099572,0.008693850803375244,29798.9260494709,690000
103.12493,-59.876457,491.73468,839.54767,9.534859,-9.582557,0.078634255,1.0,173.26263,0.39254618,-7.621393,0.06747131,1.0,0.086920954,-34.045837,-99.9904,1.6448445,849.80383,9.562722,-9.749655,0.11205391,1.0,199.03683,0.42031026,-7.6833234,0.082953714,1.0,0.13175058,-34.875225,-99.20819,1.286732,0.008698193836212158,29842.417021512985,695000
17.270813,-50.28929,338.71033,835.74854,9.495241,-9.598953,0.08191352,1.0,187.19717,0.33573756,-7.596405,0.061224185,1.0,0.19644088,-37.560986,-99.28938,1.2775185,835.4515,9.137394,-9.641758,0.090474516,1.0,176.05336,0.37774208,-7.73137,0.09496535,1.0,0.16942987,-33.686153,-99.24933,1.3385475,0.008701648950576782,29885.925267457962,700000
51.76194,-28.640018,310.71967,855.2672,9.481914,-9.615737,0.08527045,1.0,177.53824,0.36989546,-7.5922446,0.06018413,1.0,0.013782427,-34.820065,-99.11973,1.4200275,847.82056,9.704105,-9.693307,0.10078436,1.0,191.39574,0.39390755,-7.7172117,0.091425955,1.0,0.02747725,-34.901955,-99.00588,1.932929,0.4588205717086792,32180.0281291008,705000
24.875013,-19.066921,255.94904,838.97815,9.362932,-9.612289,0.08458104,1.0,180.87137,0.24903965,-7.59735,0.061460465,1.0,0.19649105,-35.770958,-99.39064,1.5037076,857.961,9.658036,-9.650501,0.09222316,1.0,188.02026,0.35941774,-7.688391,0.08422078,1.0,-0.006461151,-33.54515,-99.25832,1.2899396,0.025665238237380983,32308.354323148727,710000
39.59186,-25.26231,325.83542,846.5731,9.165011,-9.638734,0.08986964,1.0,163.63861,0.3974865,-7.595808,0.061074942,1.0,0.1501085,-35.02795,-99.20268,1.8437058,842.739,9.468391,-9.683645,0.09885209,1.0,164.78664,0.2446719,-7.7019677,0.08761488,1.0,0.026520751,-33.870144,-99.47391,1.5331541,0.025628029680252074,32436.494473934174,715000
43.381557,-65.46124,369.26898,843.4751,9.402234,-9.625094,0.087141894,1.0,175.91434,0.37865037,-7.5992193,0.061927747,1.0,0.0442108,-33.874565,-99.507324,1.6851346,877.1189,10.045074,-9.66534,0.09519107,1.0,171.87253,0.38950026,-7.706069,0.08864023,1.0,0.12735838,-35.397217,-99.18076,1.3827126,0.025628208065032958,32564.63551712036,720000
16.278477,-22.351526,293.06177,842.17993,9.661491,-9.570349,0.07619282,1.0,162.04184,0.43783456,-7.6080055,0.06412429,1.0,0.0503454,-34.68848,-99.58116,1.4631181,832.10205,9.148319,-9.696925,0.101508014,1.0,176.94838,0.20823032,-7.7188034,0.09182388,1.0,0.06297355,-33.795643,-99.11714,2.932485,0.020742625093460084,32668.34864473343,725000
14.790357,-19.9412,287.6405,834.9131,8.9699545,-9.65571,0.093265094,1.0,190.29199,0.3975652,-7.5881257,0.05915448,1.0,0.02724874,-33.522247,-100.06751,1.4155278,843.5663,9.627686,-9.68969,0.100060835,1.0,195.47284,0.39878598,-7.6774216,0.08147834,1.0,-0.12303334,-35.00421,-99.74523,1.7771133,0.01566120557785034,32746.654674768448,730000
43.96632,-31.823992,319.46585,847.22424,9.453709,-9.597772,0.08167722,1.0,166.49835,0.3633191,-7.5940375,0.060632363,1.0,0.075054005,-35.146305,-101.27848,1.4902961,845.656,9.489054,-9.724236,0.106970005,1.0,198.22057,0.37871093,-7.7090464,0.089384586,1.0,0.06021948,-35.284145,-100.27488,1.9126899,0.014297107744216919,32818.140214920044,735000
28.77103,-24.539585,310.83725,856.9619,9.629423,-9.580793,0.07828166,1.0,188.36243,0.46840474,-7.6027603,0.06281308,1.0,0.09241383,-36.52691,-100.12317,1.3109341,851.69025,9.327791,-9.747955,0.11171403,1.0,184.34116,0.41549292,-7.742265,0.097689345,1.0,0.012957677,-33.976692,-99.28389,1.1873282,0.014295625162124634,32889.618344545364,740000
22.58318,-28.283703,377.65625,860.2356,9.857101,-9.611304,0.08438378,1.0,171.93681,0.32939804,-7.6013947,0.06247159,1.0,0.11696977,-34.759914,-99.74788,1.5695853,847.7081,9.687036,-9.678675,0.09785784,1.0,175.36719,0.42582178,-7.68855,0.084260434,1.0,0.09574483,-34.967342,-99.27696,1.4393508,0.01207650761604309,32950.00088453293,745000
15.151909,-38.28074,304.3326,836.1181,9.435141,-9.641808,0.09048454,1.0,175.15527,0.4029113,-7.5956516,0.06103591,1.0,-0.025545105,-36.168293,-101.83032,1.5209852,845.22986,9.721423,-9.656891,0.09350097,1.0,192.51721,0.4651671,-7.706939,0.088857725,1.0,0.012598082,-34.972656,-99.33821,2.0303621,0.008571701383590698,32992.85939383507,750000
54.549416,-33.915405,365.30002,832.83374,9.390772,-9.62479,0.08708105,1.0,157.8403,0.26739624,-7.619605,0.06702426,1.0,0.055437602,-35.107224,-99.45523,1.3939341,845.5963,9.32215,-9.685155,0.09915401,1.0,192.20865,0.40566343,-7.713065,0.09038925,1.0,0.0021066293,-33.812206,-99.66661,2.3847258,0.00857284483909607,33035.72361946106,755000
12.584461,-17.91878,243.14575,833.7014,9.63147,-9.587904,0.0797039,1.0,161.1932,0.2959944,-7.59363,0.060530454,1.0,0.36524245,-33.9646,-99.796646,1.1310261,846.3388,9.423174,-9.677017,0.09752637,1.0,162.73257,0.25866994,-7.7096148,0.08952661,1.0,0.517192,-35.37237,-99.81117,1.4382517,0.008557407903671264,33078.51065993309,760000
21.184227,-22.28738,314.23593,840.844,9.163027,-9.641127,0.090348236,1.0,191.94766,0.46438342,-7.592477,0.06024213,1.0,0.06601428,-35.65838,-100.73689,2.0253859,852.4054,9.474079,-9.645179,0.091158606,1.0,176.91452,0.35211742,-7.6685305,0.079255655,1.0,0.069677226,-35.27825,-99.622055,1.7296516,0.008564099979400636,33121.3311624527,765000
35.57313,-33.119846,336.927,842.58777,9.165945,-9.636351,0.08939298,1.0,163.15466,0.36569077,-7.5974607,0.06148808,1.0,0.014055401,-35.566273,-99.80423,1.2921824,842.31604,9.374257,-9.6669445,0.095511824,1.0,183.57172,0.4501379,-7.7072077,0.088924944,1.0,0.013231002,-34.81219,-99.65652,1.5445597,0.008567479419708252,33164.16856098175,770000
56.7745,-58.40392,383.36948,834.5747,9.098117,-9.651105,0.09234401,1.0,161.86047,0.2519347,-7.6058426,0.06358364,1.0,0.15585047,-33.12047,-99.74548,1.0393333,859.2026,9.826905,-9.647806,0.091684245,1.0,176.2272,0.39872202,-7.7092247,0.08942911,1.0,0.11746976,-33.9035,-99.9017,1.4441645,0.008579151964187622,33207.0643222332,775000
35.39508,-28.563486,318.71704,825.30457,9.088687,-9.633993,0.08892172,1.0,180.78757,0.33255255,-7.596478,0.061242484,1.0,0.01186616,-35.827473,-99.67562,1.1576259,850.3527,9.481598,-9.695367,0.10119636,1.0,181.56805,0.32793733,-7.6966686,0.08629006,1.0,0.025760017,-35.6176,-99.19428,1.5128906,0.008577210092544555,33249.950375556946,780000
33.605877,-46.01951,353.65613,845.4487,9.699519,-9.669889,0.09610092,1.0,185.23213,0.381751,-7.5993075,0.061949916,1.0,0.1514596,-34.944603,-100.201805,1.317271,859.58014,9.78732,-9.668485,0.09581999,1.0,171.80046,0.36715785,-7.702198,0.08767256,1.0,0.09442044,-33.10306,-99.15922,1.3023572,0.008562070083618164,33292.760728120804,785000
23.583117,-19.616,276.25848,846.8002,9.530521,-9.590479,0.080218546,1.0,150.98302,0.27308726,-7.600161,0.062163267,1.0,0.024611764,-35.475544,-99.64809,1.292529,849.5707,9.450792,-9.64599,0.09132089,1.0,162.93097,0.25111994,-7.697653,0.086536184,1.0,0.03873568,-34.12765,-99.811615,1.8461633,0.008541355991363525,33335.467510700226,790000
32.269554,-40.051838,336.9287,831.3618,9.130403,-9.683118,0.09874648,1.0,168.74982,0.26049027,-7.59469,0.060795434,1.0,0.040293373,-35.423454,-100.11128,1.3457085,846.8743,9.262224,-9.712925,0.10470798,1.0,166.05217,0.32017156,-7.6998158,0.08707693,1.0,0.028511211,-34.403152,-100.63739,1.1829498,0.008562991428375244,33378.28246998787,795000
41.11215,-52.62037,347.7611,835.60254,9.562014,-9.636803,0.08948346,1.0,171.99902,0.33812535,-7.600155,0.062161636,1.0,0.14049183,-35.27131,-100.79285,1.1522752,859.4701,9.7434845,-9.656883,0.093499504,1.0,167.51537,0.3535528,-7.688987,0.084369645,1.0,0.21843344,-34.57154,-99.540474,1.4178522,0.008571073865890504,33421.13784098625,800000
31.796993,-31.645956,403.32037,840.1465,9.253675,-9.713486,0.104820035,1.0,195.65634,0.46221823,-7.5857344,0.058556534,1.0,0.11025258,-34.02433,-99.29356,2.061945,856.0355,9.2001915,-9.821867,0.12649624,1.0,194.07034,0.37783933,-7.707052,0.08888604,1.0,0.06311024,-34.351517,-99.547516,2.0155525,0.5097922768115998,35970.099227666855,805000
140.75398,-126.544655,667.7867,820.91895,9.275719,-9.70372,0.10286683,1.0,179.16426,0.22597092,-7.5942163,0.06067706,1.0,0.2396127,-36.073483,-99.0818,1.2334146,860.3069,9.699135,-9.743628,0.1108486,1.0,199.61327,0.384519,-7.708031,0.089130744,1.0,0.24609044,-34.581062,-99.15315,1.47766,0.01668485517501831,36053.523505449295,810000
23.338324,-19.126383,263.0745,847.5041,9.873288,-9.613218,0.08476662,1.0,172.22192,0.31316328,-7.6123533,0.06521127,1.0,0.014418602,-36.026764,-99.81272,1.6708039,844.57153,9.780597,-9.686582,0.09943926,1.0,180.53134,0.2142926,-7.6902585,0.0846877,1.0,0.002593398,-35.88001,-99.54816,1.4466512,0.014344337558746338,36125.24519610405,815000
15.882364,-23.219896,291.6744,830.58496,9.122682,-9.613129,0.08474883,1.0,170.69905,0.43547398,-7.5835657,0.058014464,1.0,0.23413575,-34.779167,-99.928406,0.8983835,852.6821,9.680996,-9.658564,0.093835585,1.0,193.2978,0.38179928,-7.697359,0.086462766,1.0,0.13319205,-35.681976,-99.87289,1.3610072,0.014354334020614624,36197.01687026024,820000
16.905106,-13.517775,313.9991,852.5098,9.541987,-9.638618,0.08984665,1.0,173.21674,0.34835148,-7.604259,0.06318773,1.0,0.14650494,-34.723366,-99.48756,1.4995565,839.5161,9.360971,-9.672048,0.09653248,1.0,183.12895,0.40631756,-7.713597,0.09052216,1.0,0.08095061,-35.82035,-99.089165,4.3744946,0.014333553075790406,36268.68463850021,825000
23.16254,-35.558777,332.71652,843.8026,9.653814,-9.65855,0.09383308,1.0,184.01477,0.40393516,-7.5996857,0.062044453,1.0,0.15109535,-33.987087,-99.670784,1.0174695,851.6417,9.765177,-9.691283,0.10037952,1.0,176.74228,0.35376906,-7.701051,0.08738579,1.0,0.072628886,-35.568306,-99.472534,2.1101594,0.01432368392944336,36340.30306100845,830000
48.38874,-49.93822,331.70978,851.12445,9.374672,-9.654923,0.093107656,1.0,188.56102,0.40854162,-7.5966988,0.06129758,1.0,0.109899096,-34.484062,-99.272064,1.0636711,865.77783,9.687562,-9.652312,0.09258538,1.0,195.18112,0.36137947,-7.7124557,0.090236835,1.0,0.12835768,-35.496925,-99.41052,2.7247663,0.01325834641456604,36406.59479594231,835000
30.69736,-32.99053,315.73434,846.1245,9.335768,-9.630579,0.08823859,1.0,171.35513,0.26021305,-7.597669,0.061540235,1.0,0.038791567,-34.04055,-99.54704,1.5937849,860.8312,9.761417,-9.726906,0.10750413,1.0,196.4933,0.39221805,-7.718975,0.09186678,1.0,0.045779377,-34.16672,-99.201065,1.8802366,0.00863108296394348,36449.75021338463,840000
35.328342,-35.969357,299.207,833.37,8.828531,-9.662161,0.094555214,1.0,186.05608,0.35664064,-7.597184,0.06141901,1.0,0.3025114,-34.574425,-99.68688,1.1727828,847.7956,9.331963,-9.677067,0.097536184,1.0,196.32391,0.24566007,-7.671183,0.07991874,1.0,0.10632193,-35.071,-99.1998,1.9365416,0.008570653247833251,36492.603481054306,845000
21.868319,-13.126392,282.87817,839.24603,9.565868,-9.676771,0.09747706,1.0,164.63919,0.12224984,-7.6046095,0.06327529,1.0,0.5352787,-34.39261,-101.16736,1.2031255,840.42694,9.416881,-9.734211,0.108965114,1.0,199.90067,0.43537664,-7.6905575,0.08476248,1.0,0.079058245,-35.76671,-99.59859,2.1839375,0.008563591003417968,36535.42143893242,850000
48.860798,-40.550785,350.60382,841.96967,9.465716,-9.631514,0.08842566,1.0,164.94751,0.34736848,-7.599348,0.06196005,1.0,0.35653368,-35.255272,-100.037,1.829967,841.041,9.366739,-9.681308,0.09838456,1.0,184.99916,0.3731113,-7.7196946,0.0920466,1.0,0.13101417,-35.848145,-98.85305,1.5595076,0.008567287731170655,36578.25788021088,855000
15.061014,-26.13185,276.27533,839.1953,9.5962715,-9.599337,0.0819904,1.0,177.6264,0.43662483,-7.5842257,0.058179382,1.0,0.14243576,-36.60424,-100.25838,1.3335373,840.23035,9.533501,-9.663273,0.09477757,1.0,175.83435,0.3998388,-7.6951613,0.085913315,1.0,0.50507414,-36.316803,-99.52162,1.728314,0.008556801652908326,36621.04188966751,860000
32.892437,-16.589588,233.96332,825.3444,9.552866,-9.596371,0.08139696,1.0,186.69272,0.4346916,-7.59168,0.060043007,1.0,0.11701114,-36.7231,-100.57727,0.96823084,841.51086,9.595436,-9.680894,0.0983017,1.0,175.56934,0.22187617,-7.707783,0.089068815,1.0,0.09905067,-33.7853,-99.27811,1.589677,0.008571058559417725,36663.89718461037,865000
27.72246,-39.639683,330.54758,830.1813,9.494127,-9.612475,0.084617965,1.0,179.6026,0.42172948,-7.5985565,0.061762106,1.0,0.06486784,-35.78903,-100.52927,1.4228473,846.1808,9.657718,-9.699659,0.10205503,1.0,176.46666,0.40186286,-7.7170753,0.091391854,1.0,0.034395568,-34.265778,-99.18047,1.2217785,0.008566745567321777,36706.73091673851,870000
18.513866,-25.215223,303.29532,832.40784,9.438989,-9.648189,0.09176062,1.0,175.52484,0.48323685,-7.5941696,0.06066525,1.0,0.40147775,-35.32245,-99.82167,1.1980088,856.5647,9.801306,-9.619118,0.085946456,1.0,190.06024,0.48279706,-7.7077756,0.08906689,1.0,0.094625846,-33.743393,-99.15636,1.4923173,0.009581287002563476,36754.63735318184,875000
50.23483,-54.412,473.1294,841.6614,9.2955,-9.613504,0.0848238,1.0,175.78275,0.38234827,-7.5854387,0.058482602,1.0,0.10189013,-37.074207,-99.52638,1.5993872,855.1107,9.427599,-9.674833,0.09708951,1.0,198.93224,0.44363374,-7.701463,0.08748875,1.0,0.08516718,-35.074837,-99.066696,2.3609235,0.014536166048049927,36827.31819009781,880000
23.072056,-43.95532,308.12402,851.7451,9.874086,-9.57567,0.0772569,1.0,184.69958,0.51591253,-7.5903225,0.059703715,1.0,0.08029389,-35.938805,-99.54385,1.9112118,851.79266,9.491226,-9.659333,0.093989596,1.0,192.65054,0.3915406,-7.7023807,0.08771813,1.0,0.08784431,-34.111454,-99.152275,1.4388976,0.01455272274017334,36900.08180761337,885000
12.274609,-16.496525,296.8549,864.52216,10.179436,-9.59303,0.080729015,1.0,188.36826,0.43714982,-7.582257,0.057687134,1.0,0.048274882,-34.22541,-99.26151,1.612511,868.1716,9.9211035,-9.6616535,0.094453506,1.0,177.43205,0.3604061,-7.697589,0.086520195,1.0,0.2528359,-35.38767,-99.84018,1.7517483,0.014466752099990845,36972.41557145119,890000
15.424379,-28.671247,292.9728,835.3042,9.341761,-9.608986,0.08392006,1.0,174.77551,0.31048024,-7.591566,0.060014427,1.0,0.096194796,-34.468323,-100.11858,1.3487588,849.6854,9.907692,-9.623249,0.08677276,1.0,183.8046,0.41449833,-7.6853733,0.08346635,1.0,0.09024721,-34.815285,-100.15486,2.72664,0.01423782000541687,37043.604674100876,895000
45.807785,-54.107002,380.58932,847.17236,9.220574,-9.616065,0.08533614,1.0,178.81367,0.38762766,-7.6052685,0.06344007,1.0,0.040630914,-35.5599,-99.58763,1.1354795,843.16406,9.431629,-9.705366,0.1031962,1.0,192.05573,0.29771104,-7.714281,0.09069317,1.0,0.51227844,-35.864433,-99.659775,1.672559,0.014244317817687988,37114.82626533508,900000
39.872185,-30.248945,357.52887,841.15466,9.364297,-9.6092415,0.08397134,1.0,173.84755,0.33521062,-7.600547,0.062259708,1.0,-0.013852477,-35.689774,-100.69171,1.1352243,854.367,9.660641,-9.675322,0.097187355,1.0,175.41586,0.38097736,-7.712612,0.09027597,1.0,-0.039350376,-33.723145,-99.33911,1.754679,0.4991374043941498,39610.513290166855,905000
33.218597,-23.582277,354.0753,840.4691,9.30208,-9.589482,0.0800194,1.0,177.15216,0.30440542,-7.590748,0.059809946,1.0,0.1036147,-33.76718,-99.3825,1.505545,857.76184,9.570099,-9.676693,0.097461596,1.0,185.14719,0.40297914,-7.7032423,0.08793365,1.0,0.08901047,-33.314987,-99.431595,1.7184391,0.014417587757110596,39682.60123252869,910000
24.037472,-39.213493,320.70474,834.5529,9.269966,-9.605971,0.0833171,1.0,163.57065,0.27925432,-7.5876126,0.059026126,1.0,0.064776465,-36.78121,-99.863174,1.3750899,828.6486,9.328009,-9.658642,0.09385123,1.0,172.08707,0.29206958,-7.7024393,0.08773271,1.0,0.13304648,-34.09572,-99.14429,2.5933442,0.014546255016326904,39755.33250975609,915000
17.81137,-14.17855,266.1487,846.3556,9.75394,-9.611156,0.08435439,1.0,176.00269,0.4548838,-7.5885,0.05924809,1.0,0.18224126,-36.88233,-99.69826,0.9664451,855.02576,9.408048,-9.695649,0.10125285,1.0,167.41896,0.39385948,-7.684714,0.0833014,1.0,0.20275491,-34.989006,-99.32543,1.5699233,0.011446054601669312,39812.5627849102,920000
26.462254,-20.419989,321.71866,847.6824,9.789958,-9.596063,0.08133545,1.0,197.10764,0.42291287,-7.595216,0.060926996,1.0,0.12893105,-33.77716,-99.78616,1.3121161,847.36536,9.236825,-9.718359,0.10579481,1.0,189.94273,0.317869,-7.6982675,0.08668984,1.0,0.17068818,-33.9457,-99.2511,1.6540486,0.008756577634811401,39856.34567570686,925000
14.960859,-26.855114,310.0064,823.8706,9.132017,-9.6326065,0.08864434,1.0,181.10538,0.34488454,-7.597331,0.06145582,1.0,0.07095101,-34.571804,-99.66007,1.4730994,841.7533,9.718692,-9.742004,0.11052382,1.0,189.28914,0.33163416,-7.697373,0.08646615,1.0,0.11677868,-34.271362,-100.12039,1.9521623,0.00877099962234497,39900.20067667961,930000
39.316517,-44.471752,498.408,843.0809,9.268174,-9.65549,0.09322093,1.0,198.46082,0.5514655,-7.5978584,0.061587654,1.0,0.1863026,-33.02617,-99.33128,1.9318453,849.17737,9.115921,-9.828857,0.12789445,1.0,189.21405,0.37469876,-7.7186584,0.091787614,1.0,0.32200432,-34.98691,-99.65509,3.271473,0.008769244527816772,39944.04690074921,935000
16.720917,-17.82322,296.2468,837.0356,9.280819,-9.578999,0.077922754,1.0,176.70792,0.4587006,-7.59377,0.060565397,1.0,0.034137957,-35.226765,-99.23108,1.4688458,870.2927,9.972141,-9.65695,0.0935129,1.0,190.4694,0.4745856,-7.68637,0.083715454,1.0,0.026059054,-36.79751,-99.70892,2.0896127,0.008774569749832154,39987.91975188255,940000
83.14082,-62.406116,397.49274,846.7916,9.190896,-9.609272,0.083977245,1.0,175.86804,0.31143636,-7.6062117,0.06367585,1.0,0.07491908,-34.839466,-99.739655,0.91783285,838.7737,9.6370735,-9.653902,0.0929034,1.0,194.39554,0.32636786,-7.7152047,0.090924226,1.0,0.21956734,-35.87729,-99.33652,1.7194709,0.008782295274734496,40031.83122944832,945000
48.061356,-64.047295,510.60535,842.1173,9.599146,-9.603686,0.08286021,1.0,173.78397,0.35484236,-7.6019006,0.06259802,1.0,0.4797292,-35.659115,-99.885796,1.6040976,860.4448,9.575397,-9.695966,0.10131609,1.0,182.46782,0.40752122,-7.700329,0.0872052,1.0,-0.00023332983,-35.435448,-99.87285,1.9990531,0.00848703498840332,40074.26640725136,950000
29.344381,-19.740469,291.47186,850.94385,9.344824,-9.660278,0.0941785,1.0,175.03905,0.2940805,-7.6000924,0.06214615,1.0,0.08530938,-33.686325,-99.262566,1.2542647,844.70105,9.484327,-9.698717,0.10186634,1.0,172.63443,0.31713074,-7.705159,0.08841272,1.0,0.005561486,-33.095776,-99.23463,3.4525506,0.008206395483016968,40115.298386096954,955000
46.59088,-27.205376,315.4176,848.91,9.50193,-9.597725,0.08166802,1.0,181.61914,0.37159464,-7.5909467,0.059859563,1.0,0.25088325,-37.131363,-99.28694,2.4655766,843.8838,9.40699,-9.6880045,0.09972378,1.0,167.97543,0.2925117,-7.7011156,0.087401986,1.0,0.11868301,-36.628548,-99.37378,4.701372,0.008195226716995239,40156.27452111244,960000
20.117332,-45.615562,298.64838,856.99817,9.782896,-9.614119,0.08494661,1.0,179.71939,0.32697058,-7.5924473,0.0602348,1.0,0.095822155,-34.534588,-99.2867,1.3051318,837.95776,9.205852,-9.685257,0.09917439,1.0,185.18115,0.2788242,-7.7323055,0.09519924,1.0,0.08229711,-33.968357,-99.39877,1.5745468,0.008195535039901733,40197.25219917297,965000
19.167343,-26.09663,292.88647,838.66626,9.443943,-9.609695,0.08406203,1.0,192.43375,0.50687647,-7.580941,0.05735834,1.0,0.39126796,-34.497566,-101.01163,1.5644794,867.6276,9.47059,-9.671442,0.09641122,1.0,206.86931,0.5164163,-7.7205544,0.09226154,1.0,0.27911884,-34.601753,-99.352554,1.8616226,0.00802131700515747,40237.35878562927,970000
69.46706,-63.245644,796.57947,851.70605,9.622619,-9.613728,0.08486848,1.0,177.69731,0.33216977,-7.576476,0.056242038,1.0,0.2796762,-35.752533,-99.718994,1.8087542,851.7615,9.713469,-9.680886,0.09830024,1.0,194.70747,0.38511157,-7.678942,0.081858486,1.0,0.1552994,-34.734062,-99.28795,2.9259505,0.008160765600204468,40278.162615299225,975000
34.19907,-42.952297,315.6323,835.5609,9.154477,-9.554901,0.07310299,1.0,165.99414,0.3157959,-7.5887823,0.05931861,1.0,0.07286524,-36.382404,-100.558624,1.3586906,848.74304,9.568781,-9.657795,0.093682036,1.0,172.90585,0.26787773,-7.693802,0.08557354,1.0,-0.0118104,-35.484818,-99.40546,1.6129377,0.00817074236869812,40319.01633000374,980000
38.58127,-52.602646,352.79733,845.79913,9.473683,-9.584665,0.07905609,1.0,178.55392,0.49103367,-7.579487,0.05699461,1.0,0.32751727,-35.595657,-100.03391,1.4222076,842.6288,9.598583,-9.690327,0.10018828,1.0,180.28693,0.37558287,-7.699333,0.08695638,1.0,0.104697436,-34.89349,-99.38326,1.3768045,0.007617937612533569,40357.10601949692,985000
17.446548,-19.887321,293.42896,839.2745,9.579869,-9.569236,0.075970024,1.0,168.59653,0.33517575,-7.605874,0.063591465,1.0,0.17052697,-36.670326,-100.069565,1.4329326,832.2156,9.187525,-9.70696,0.10351489,1.0,178.45996,0.36628062,-7.7117577,0.090062305,1.0,0.09497425,-32.881927,-99.479195,2.1098967,0.007655549430847168,40395.383768081665,990000
50.133797,-38.341106,336.91736,857.3701,9.682355,-9.595047,0.081132255,1.0,174.95512,0.46382028,-7.588468,0.05924,1.0,0.08924422,-34.187645,-99.2489,1.2888484,855.47687,9.866827,-9.627653,0.08765354,1.0,191.84677,0.3727736,-7.727969,0.09411529,1.0,0.15676486,-34.76073,-99.98876,3.0019174,0.007685379600524902,40433.810668706894,995000
25.629047,-21.340054,284.79333,852.975,9.731243,-9.618549,0.08583276,1.0,180.1018,0.3940627,-7.588716,0.05930198,1.0,0.23081923,-34.233475,-99.61841,1.40293,851.00977,9.343021,-9.665337,0.09519016,1.0,172.26495,0.32378078,-7.717163,0.09141365,1.0,0.107113905,-34.82422,-99.20976,1.670099,0.007681242752075195,40472.21688532829,1000000
