training/actor/actor_loss,training/actor/adv,training/actor/bc_log_prob,training/actor/mse,training/actor/std,training/critic/critic_loss,training/critic/q_max,training/critic/q_mean,training/critic/q_min,training/grad/max,training/grad/min,training/grad/norm,training/value/v_max,training/value/v_mean,training/value/v_min,training/value/value_loss,validation/actor/actor_loss,validation/actor/adv,validation/actor/bc_log_prob,validation/actor/mse,validation/actor/std,validation/critic/critic_loss,validation/critic/q_max,validation/critic/q_mean,validation/critic/q_min,validation/value/v_max,validation/value/v_mean,validation/value/v_min,validation/value/value_loss,time/epoch_time,time/total_time,step
41.049095,-0.82571065,-9.418623,0.5167788,1.0,4.127432,2.0287793,-0.50665176,-3.964058,6.641783,-5.602667,323.2127,2.7631578,0.3673092,-3.2209296,0.37976438,0.020404179,-7.1635385,-9.305962,0.4886133,1.0,70.05849,4.800153,1.5472457,-3.2355356,5.8177733,2.9326785,-2.5838838,1.3002986,0.011008837413787841,55.04419302940369,1
3.4275422,-0.83268243,-8.253666,0.22553948,1.0,0.97720474,0.3050028,-14.48807,-23.909649,3.1021857,-2.3666222,50.001984,0.87300366,-13.851233,-23.145458,0.04226467,3.2468526,-0.7961519,-8.310437,0.23973233,1.0,1.0177997,0.0,-14.617151,-24.026964,1.0896343,-13.994982,-23.233414,0.052363753,0.18125109944343568,961.2996940612793,5000
17.481491,-0.5533127,-8.051088,0.17489511,1.0,1.6280384,0.0,-22.81255,-40.00996,4.6067524,-3.0060973,81.31342,0.8767923,-22.286133,-39.425198,0.053435832,16.39075,-0.59561485,-8.057661,0.1765382,1.0,1.5030766,0.0,-22.807419,-39.974457,0.9219384,-22.3777,-39.362926,0.059174433,0.1973934783935547,1948.2670903205872,10000
11.723242,-0.5639275,-7.9170146,0.14137655,1.0,1.6311104,0.0,-27.11289,-52.6186,5.856339,-4.7107944,82.41611,0.77589065,-26.711315,-52.14062,0.08945119,11.98545,-0.63999474,-7.9300776,0.14464243,1.0,1.5904149,0.0,-27.238512,-52.6092,1.078254,-26.810143,-52.124054,0.08097697,0.11270401406288147,2511.787164211273,15000
17.772139,-0.6557497,-7.8804193,0.13222775,1.0,1.7453188,0.0,-27.88648,-61.949623,3.9249542,-6.2236214,113.125656,1.0534339,-27.521729,-61.56099,0.09179975,9.756884,-0.77395374,-7.9137716,0.14056593,1.0,1.7824018,0.0,-31.397444,-62.008556,1.2684882,-31.039186,-61.580032,0.113006055,0.004978773689270019,2536.681042909622,20000
6.2866087,-0.7735958,-7.8581314,0.12665588,1.0,1.5445399,0.0,-30.488174,-69.33387,3.499328,-3.0577157,65.10899,1.3389722,-30.116177,-68.90405,0.08833611,24.579472,-0.59838414,-7.916496,0.14124699,1.0,1.8913676,0.0,-30.662994,-69.30713,1.257724,-30.30978,-68.99705,0.090891406,0.11538121800422668,3113.5871362686157,25000
36.53066,-0.42995498,-7.8437676,0.123064816,1.0,2.1659226,0.0,-29.734215,-74.37789,9.571295,-6.0893908,149.72336,0.8537661,-29.348866,-74.23127,0.12311882,38.088013,-0.42286754,-7.8636746,0.12804165,1.0,2.1323347,0.0,-31.62392,-74.54743,0.6205619,-31.290083,-74.32878,0.102743216,0.005020030689239502,3138.6872930526733,30000
13.333661,-0.68816376,-7.8569775,0.12636724,1.0,1.5892198,0.0,-30.205599,-77.4736,3.6409717,-5.905579,88.601746,1.0369835,-29.866863,-77.07695,0.100357905,11.709471,-0.8979861,-7.857156,0.12641194,1.0,1.4576826,0.12771809,-31.24364,-78.350105,1.1257523,-30.844563,-78.131424,0.13485268,0.11410356950759888,3709.2051453590393,35000
12.343988,-0.6752852,-7.8469663,0.123864524,1.0,1.6630373,0.0,-30.725145,-79.84448,11.929918,-8.647406,124.39888,0.89732534,-30.350069,-79.64085,0.09726546,16.200943,-0.592574,-7.8271146,0.11890167,1.0,1.2759888,0.0,-32.0614,-79.88783,1.3096426,-31.714441,-79.68379,0.09109225,0.005109199476242066,3734.7511456012726,40000
15.236025,-0.5805625,-7.8250237,0.11837877,1.0,1.3864219,0.0,-32.411148,-81.211235,4.3265824,-3.4235263,65.342995,1.2790191,-32.06974,-81.02162,0.08858601,28.53748,-0.43993038,-7.829976,0.11961688,1.0,1.9838728,0.005559206,-31.18513,-81.13227,1.4031242,-30.848263,-80.94834,0.2043921,0.11403702878952027,4304.936292171478,45000
21.974163,-0.55515,-7.820944,0.117358886,1.0,1.6026051,0.0,-32.30966,-82.611984,6.0077596,-5.8667655,105.39097,0.8046506,-31.996538,-82.43116,0.09300816,20.162502,-0.59955347,-7.8582993,0.12669772,1.0,1.49948,0.0,-31.734264,-81.29286,0.7350231,-31.392807,-81.13413,0.13822015,0.0057049081325531,4333.460838317871,50000
19.650063,-0.57254684,-7.811534,0.11500648,1.0,1.6954471,0.0,-31.95805,-81.94761,5.4911475,-3.9197917,87.16798,0.6008518,-31.610561,-81.822014,0.100464925,12.596748,-0.71413195,-7.830058,0.11963743,1.0,1.7588239,0.0,-32.681427,-83.49277,0.65514535,-32.372265,-83.32581,0.11641754,0.1327002107143402,4996.961894750595,55000
13.009946,-0.65809083,-7.8440456,0.123134404,1.0,1.1536752,0.0,-31.579363,-83.35208,2.907781,-2.875032,70.58693,1.0763865,-31.266987,-83.13762,0.09338108,16.177872,-0.5972967,-7.854758,0.12581244,1.0,1.7328131,0.0,-31.632607,-84.6374,0.7306337,-31.272516,-84.50235,0.1047743,0.005451396942138672,5024.21888256073,60000
10.972375,-0.6497417,-7.856122,0.12615359,1.0,1.2631053,0.0,-32.13169,-85.45645,2.6115427,-3.257212,57.381077,1.2272006,-31.752216,-85.31014,0.08342916,11.745342,-0.6371138,-7.8947115,0.1358009,1.0,1.4717261,0.0,-29.724573,-83.79034,0.95623064,-29.375084,-83.630844,0.09138782,0.005411592197418213,5051.276846170425,65000
15.882575,-0.50377214,-7.85238,0.125218,1.0,1.3206232,0.0,-31.739374,-83.77294,5.715552,-5.1173215,94.16198,0.4066334,-31.325806,-83.60888,0.117911175,25.077442,-0.4036898,-7.8486104,0.12427561,1.0,2.0063202,0.0,-31.95012,-85.51256,0.6294521,-31.601973,-85.3668,0.14495416,0.005510050439834595,5078.827100515366,70000
10.448314,-0.7522398,-7.812464,0.11523901,1.0,1.3124319,0.0,-31.243732,-85.111595,4.7357597,-5.0970383,93.30894,0.7050694,-30.885857,-84.98409,0.102252334,16.04462,-0.6126395,-7.8459024,0.123598464,1.0,1.6549219,0.0,-33.217003,-84.87397,0.63025445,-32.88099,-84.44267,0.10302882,0.005378440809249878,5105.719309329987,75000
16.819855,-0.54396236,-7.8337393,0.12055785,1.0,1.3673633,0.0,-31.620243,-86.44358,3.9940946,-2.8078148,68.79984,0.47441378,-31.228968,-86.30287,0.11491321,19.397799,-0.46738398,-7.8346176,0.12077728,1.0,1.3479652,0.0,-31.0833,-83.75791,0.69476926,-30.776768,-83.594154,0.113310084,0.12735886807441713,5742.513653755188,80000
10.442743,-0.61017364,-7.801066,0.112389445,1.0,1.0606902,0.0,-32.29223,-84.76918,2.543846,-2.5884745,52.061302,0.78426623,-31.945808,-84.61388,0.10792151,11.652222,-0.6895797,-7.8083487,0.11421025,1.0,1.1758738,0.0,-32.57595,-85.44347,0.5242823,-32.254807,-85.296326,0.112374775,0.004842878532409668,5766.728050708771,85000
17.4671,-0.6084393,-7.7918167,0.11007713,1.0,1.2947044,0.0,-31.709864,-85.650665,4.154677,-5.0284834,80.204094,0.88354456,-31.35388,-85.50501,0.10177984,22.30815,-0.54197615,-7.842247,0.12268479,1.0,1.2750529,0.0,-32.219894,-86.62383,1.0506235,-31.892387,-86.3809,0.09825295,0.00461102352142334,5789.783173322678,90000
9.410169,-0.6872794,-7.779961,0.10711327,1.0,1.2632525,0.0,-30.537048,-85.50652,6.7372622,-7.464229,99.51069,0.46766084,-30.183449,-85.35307,0.1299166,11.638072,-0.6556475,-7.8539658,0.1256144,1.0,1.4747968,0.0,-32.683556,-85.82824,0.7359189,-32.356327,-85.685394,0.10520026,0.0044260826587677006,5811.913588523865,95000
20.39944,-0.37290865,-7.79289,0.11034551,1.0,1.2324946,0.0,-32.323345,-86.28569,7.0615783,-4.226999,98.367455,0.9963413,-31.981045,-86.14666,0.114578806,14.369247,-0.5757407,-7.8187184,0.11680266,1.0,1.1905274,0.0,-33.81002,-85.225426,1.1390188,-33.49983,-85.0361,0.10421012,0.0047085084915161135,5835.4561359882355,100000
16.226402,-0.4551243,-7.776001,0.106123164,1.0,1.5044042,0.0,-33.820244,-86.241295,3.9384444,-3.6657217,76.66609,0.58656436,-33.511223,-85.83656,0.14046285,18.9972,-0.6393118,-7.824644,0.11828388,1.0,1.4619169,0.0,-32.611366,-85.94278,0.6575443,-32.26627,-85.800545,0.100732714,0.15779410004615785,6624.426645040512,105000
16.570175,-0.46133298,-7.766831,0.103830695,1.0,1.2045586,0.0,-32.5996,-87.148895,5.0284524,-4.992872,79.33494,0.6790364,-32.278755,-87.152565,0.08734933,17.494076,-0.52783495,-7.818201,0.11667328,1.0,1.2380419,0.0,-33.16775,-86.87886,0.7737633,-32.816833,-86.74574,0.11511664,0.004438894939422607,6646.621123790741,110000
10.993107,-0.7274411,-7.780405,0.107224144,1.0,1.240653,0.0,-34.43209,-87.69348,7.035336,-14.574265,125.18974,0.57697463,-34.101387,-87.56134,0.09611281,16.715038,-0.7023463,-7.839363,0.12196383,1.0,1.4873023,0.0,-33.2944,-86.52853,0.48336202,-32.961323,-86.42392,0.13996533,0.004357510280609131,6668.40867805481,115000
22.791416,-0.50241524,-7.7913485,0.10996012,1.0,1.5198289,0.0,-32.058952,-85.69056,7.075779,-8.20497,114.22809,0.57567286,-31.777678,-85.54871,0.121994406,11.914034,-0.8608377,-7.8044653,0.113239124,1.0,1.4685451,0.0,-33.096695,-87.16312,0.57982445,-32.782677,-87.04804,0.11356352,0.004276851511001587,6689.792939901352,120000
11.836298,-0.6260778,-7.734136,0.095656954,1.0,1.3978859,0.0,-31.805758,-86.753075,4.636562,-6.089457,88.71062,0.69432366,-31.52016,-86.61932,0.09967794,13.648845,-0.5643593,-7.817318,0.116452485,1.0,1.5790833,0.0,-33.1126,-87.74298,0.7527331,-32.835148,-87.597145,0.14669305,0.005819412660598755,6718.890006303787,125000
7.9221077,-0.7222067,-7.743992,0.09812092,1.0,1.1639365,0.0,-33.051193,-87.04499,3.2248046,-3.5959451,66.201965,0.8324998,-32.72508,-86.9139,0.08751322,9.571539,-0.7116617,-7.7978163,0.11157706,1.0,1.5049846,0.0,-32.80681,-86.87485,0.7275449,-32.45598,-86.76345,0.1084362,0.005976845598220825,6748.774239063263,130000
13.936482,-0.42700315,-7.7519093,0.10010023,1.0,1.1099504,0.0,-32.706272,-87.663216,6.3776183,-5.1630735,99.64737,0.51511145,-32.407196,-87.51789,0.08204365,15.349896,-0.58122194,-7.826964,0.118864,1.0,1.2401673,0.0,-33.388943,-88.043564,0.7063151,-33.09262,-87.97964,0.09119336,0.005921524572372437,6778.381865262985,135000
12.958193,-0.6449799,-7.7563233,0.101203874,1.0,1.583509,0.0,-32.701294,-87.721725,3.6404512,-3.6420724,71.69067,0.6924826,-32.379673,-87.598366,0.14740671,18.232628,-0.62421036,-7.7881813,0.10916835,1.0,1.1720123,0.0,-33.22925,-88.665474,0.6160963,-32.93402,-88.55071,0.12471397,0.005929908847808838,6808.031413078308,140000
12.682339,-0.58102405,-7.7398863,0.09709444,1.0,1.2234427,0.0,-34.18863,-88.99856,1.8891563,-2.2473373,55.860832,0.6920988,-33.821938,-88.88712,0.10389688,14.058486,-0.53510976,-7.8010798,0.1123929,1.0,1.1768712,0.0,-34.448307,-88.46031,0.72732455,-34.09883,-88.34422,0.08850142,0.005920852899551392,6837.6356818675995,145000
15.427446,-0.46000206,-7.7728815,0.105343334,1.0,1.421452,0.0,-33.446587,-88.745995,5.2333317,-5.601254,97.13241,0.6279253,-33.1416,-88.628716,0.095832326,15.785626,-0.4626453,-7.8120985,0.115147576,1.0,1.4256346,0.0,-36.164143,-89.6995,0.5506853,-35.87186,-89.45705,0.088759154,0.0049262014865875245,6862.266692638397,150000
13.780611,-0.63741016,-7.7436137,0.0980265,1.0,1.3616152,0.0,-34.252064,-88.45644,4.0320306,-4.874652,77.12264,0.69450915,-33.869476,-88.339485,0.14016697,8.053537,-0.70862156,-7.7703695,0.10471527,1.0,1.4389752,0.0,-33.221275,-88.7337,0.6146145,-32.901527,-88.642654,0.091629766,0.1546468360900879,7635.500877380371,155000
13.466145,-0.5377888,-7.773537,0.10550725,1.0,1.337354,0.0,-34.46189,-89.235176,3.0898933,-3.3620574,65.18535,0.92814827,-34.1351,-89.12748,0.08727424,12.622353,-0.52670157,-7.825489,0.11849517,1.0,1.6859957,0.0,-34.33481,-89.35185,0.6164752,-33.946175,-89.31221,0.15119386,0.006017179107666016,7665.586777925491,160000
12.014259,-0.7030121,-7.7388945,0.09684661,1.0,1.1572132,0.0,-33.936977,-89.21716,5.206987,-5.656921,83.91738,0.5171178,-33.6065,-89.16093,0.10313712,15.995555,-0.59175533,-7.806494,0.1137465,1.0,1.325583,0.0,-33.605385,-88.858,0.47349563,-33.23294,-88.74573,0.105497725,0.006007180309295654,7695.62268447876,165000
8.289936,-0.67229044,-7.734667,0.09578979,1.0,1.1383722,0.0,-32.77027,-89.56345,2.536811,-3.4035711,62.857094,0.42371845,-32.487354,-89.46664,0.08027184,13.51586,-0.6464275,-7.8299694,0.11961517,1.0,1.3446763,0.0,-34.066017,-90.23678,0.49639866,-33.73892,-90.06515,0.12931477,0.005989398288726806,7725.569677591324,170000
9.723164,-0.6382659,-7.725238,0.09343235,1.0,1.1487746,0.0,-32.716827,-88.83165,4.141704,-7.3333106,64.34348,0.7510915,-32.432316,-88.79229,0.10328871,13.330946,-0.50150466,-7.7851834,0.10841887,1.0,1.1479229,0.0,-31.718204,-89.089035,0.49384218,-31.466715,-88.979645,0.1083938,0.005991031312942505,7755.524838209152,175000
7.326144,-0.67587125,-7.7258635,0.09358871,1.0,1.3219705,0.0,-32.71145,-90.371666,8.2507105,-5.8397355,87.729935,0.45394254,-32.40512,-90.29223,0.10042539,11.718968,-0.674533,-7.7905583,0.10976249,1.0,0.9709307,0.0,-33.25746,-89.52916,0.59260577,-32.978966,-89.498055,0.091351956,0.005968957090377807,7785.3696274757385,180000
14.171644,-0.6547084,-7.7252407,0.09343311,1.0,1.1164563,0.0,-34.36635,-90.45947,5.0314775,-4.5275364,59.701893,0.3990327,-34.082157,-90.43622,0.07210064,16.490564,-0.70347786,-7.8152304,0.11593053,1.0,1.3409405,0.0,-35.147385,-89.491135,0.47956896,-34.805603,-88.83626,0.10995231,0.006040580034255981,7815.572529554367,185000
12.242469,-0.60896647,-7.722195,0.09267172,1.0,1.06093,0.0,-34.652283,-89.77036,2.321694,-2.0753422,43.732533,0.48378062,-34.328438,-89.70203,0.08847433,23.545753,-0.49264553,-7.78382,0.10807796,1.0,1.2698112,0.0,-34.750713,-90.24174,0.5342265,-34.441235,-90.27492,0.1144806,0.00602607102394104,7845.702892065048,190000
7.7018266,-0.7162765,-7.7253084,0.09345001,1.0,1.19856,0.0,-33.23681,-90.6354,2.6607656,-3.20966,61.07427,0.5287023,-32.908394,-90.54815,0.14699152,15.925865,-0.7721075,-7.8048277,0.11332995,1.0,1.6754346,0.0,-33.974182,-89.61225,0.62040573,-33.624805,-89.49617,0.1843136,0.006095165109634399,7876.178727388382,195000
13.294279,-0.5663565,-7.722681,0.09279324,1.0,1.185007,0.0,-33.146484,-90.012825,1.8848602,-2.1266367,50.2207,0.6084969,-32.872826,-89.912575,0.08986326,14.805592,-0.5613028,-7.7666,0.10377306,1.0,1.3413563,0.0,-34.509865,-90.55363,0.67620736,-34.152664,-90.4569,0.094871625,0.005987673854827881,7906.117100954056,200000
5.882188,-0.8543209,-7.7124944,0.09024659,1.0,1.2376263,0.0,-33.081783,-90.79058,4.2692404,-5.5356936,84.98896,0.6522004,-32.802673,-90.69783,0.09000054,11.434928,-0.64414614,-7.7672586,0.103937656,1.0,1.3551509,0.0,-33.94822,-89.53946,1.2475157,-33.651062,-89.42777,0.089977324,0.18626906361579895,8837.462425470352,205000
19.33831,-0.509922,-7.7383795,0.096717834,1.0,1.100918,0.0,-34.09748,-92.08222,3.5452533,-4.31086,69.58136,0.8229722,-33.76589,-92.001144,0.106205374,22.021168,-0.52048373,-7.8291864,0.11941961,1.0,1.3575231,0.0,-33.08516,-90.940994,0.68653786,-32.789818,-90.90295,0.15267025,0.006469703197479248,8869.810943841934,210000
13.100234,-0.41450286,-7.711736,0.09005703,1.0,1.0482478,0.0,-31.787113,-90.17576,4.078467,-4.619498,68.621544,0.71570265,-31.49709,-90.0768,0.08581805,26.902863,-0.41218704,-7.8111725,0.11491614,1.0,1.8689685,0.0,-32.90776,-90.48116,0.6147696,-32.632122,-90.67287,0.13402434,0.006724123239517212,8903.431563138962,215000
15.161,-0.4569795,-7.719104,0.09189898,1.0,1.260995,0.0,-34.076454,-91.662964,7.185932,-4.877589,63.45694,0.5350218,-33.742844,-91.579254,0.0936047,16.150806,-0.6036151,-7.7883463,0.10920954,1.0,1.0582848,0.0,-35.635162,-90.50852,0.5176763,-35.345882,-90.41193,0.17786899,0.006860497426986694,8937.734052419662,220000
23.071383,-0.41602558,-7.7335067,0.095499635,1.0,1.3832942,0.0,-31.591469,-90.58704,4.4209766,-5.10123,91.746994,0.82643276,-31.310223,-90.49438,0.1226157,32.77131,-0.2968924,-7.772542,0.10525849,1.0,1.4406072,0.0,-35.704033,-90.962746,0.6564803,-35.385437,-90.975685,0.11085023,0.007218739938735962,8973.827757120132,225000
19.102966,-0.45721573,-7.7311497,0.09491048,1.0,1.1702807,0.0,-31.821915,-91.30638,4.106668,-5.047192,74.23453,0.6171065,-31.502419,-91.22632,0.086301416,16.872787,-0.4967656,-7.766455,0.1037368,1.0,1.256194,0.0,-35.642326,-90.78997,0.47780317,-35.30018,-90.70086,0.10614157,0.006988774490356445,9008.77164530754,230000
14.72228,-0.590984,-7.7227583,0.09281263,1.0,0.9572333,0.0,-34.359894,-91.286606,2.9169452,-3.4685135,58.950783,0.53470993,-34.058334,-91.13956,0.07458657,12.017113,-0.63113606,-7.794963,0.11086371,1.0,1.4185909,0.0,-35.927734,-91.08982,0.6347672,-35.581932,-90.99174,0.1331129,0.005886994028091431,9038.206619024277,235000
18.24905,-0.5030732,-7.724263,0.09318886,1.0,1.4005408,0.0,-34.4795,-90.99792,4.7927346,-6.6977744,88.246994,0.9669103,-34.188393,-90.92385,0.15033764,17.961273,-0.5687928,-7.7806025,0.10727358,1.0,1.393141,0.0,-34.253117,-90.764656,0.35676306,-33.91555,-90.53934,0.10674083,0.005266046333312988,9064.53685426712,240000
11.946908,-0.5429834,-7.703766,0.08806433,1.0,1.3106818,0.0,-35.38181,-91.68522,4.0422482,-3.3997056,55.9791,0.5235114,-35.035496,-91.60959,0.09983175,18.303274,-0.48087373,-7.769652,0.104535915,1.0,1.5407729,0.0,-34.0915,-91.297516,0.6552193,-33.76524,-91.199844,0.13047361,0.0051233469009399416,9090.153593063354,245000
21.56166,-0.35024998,-7.708974,0.08936636,1.0,1.1562225,0.0,-32.062115,-91.145065,3.390539,-2.0877063,66.93362,0.5783036,-31.762512,-91.05532,0.10496678,13.082718,-0.58850443,-7.773855,0.10558678,1.0,1.313864,0.0,-33.93033,-91.28375,0.5659858,-33.63006,-91.153534,0.13744718,0.005262548637390137,9116.466339349747,250000
19.684193,-0.44177443,-7.711598,0.09002252,1.0,1.5579281,0.0,-34.937912,-91.762436,3.7850277,-4.508301,79.37352,0.5939875,-34.60836,-91.70903,0.11053149,22.423473,-0.4882903,-7.772083,0.105143696,1.0,1.5772407,0.0,-34.62499,-91.38559,0.6664461,-34.32672,-91.30243,0.12252314,0.005100418424606323,9141.968435049057,255000
10.436496,-0.65044224,-7.7005363,0.08725695,1.0,1.5969667,0.0,-33.051674,-91.1969,2.805045,-3.2695615,60.316795,0.43157732,-32.79575,-91.13417,0.10269901,10.514547,-0.714212,-7.7818575,0.10758741,1.0,1.1206646,0.0,-33.739174,-91.62592,0.42658305,-33.431347,-91.542816,0.12265486,0.004725347518920899,9165.595177173615,260000
7.0770426,-0.8271551,-7.7120113,0.0901258,1.0,1.2240493,0.0,-34.086212,-91.06363,3.6980727,-6.878843,91.14987,0.5720771,-33.76971,-90.97046,0.13531564,11.117054,-0.783187,-7.8040752,0.113141894,1.0,1.3915858,0.0,-34.152626,-91.79558,0.7444966,-33.863113,-91.713066,0.11458905,0.004907246732711792,9190.131412506104,265000
23.239897,-0.536236,-7.714793,0.090821296,1.0,1.6643503,0.0,-34.907955,-92.41621,4.3100615,-4.284325,74.880356,0.5032737,-34.582016,-92.34146,0.1538897,25.200247,-0.55046296,-7.7736588,0.10553762,1.0,2.0678654,0.0,-35.58354,-91.68111,1.1316231,-35.279476,-91.64104,0.16546252,0.005012112426757812,9215.191977500916,270000
13.3479805,-0.6030328,-7.721126,0.092404515,1.0,1.4346592,0.0,-34.475048,-92.18482,2.9479632,-2.0604727,55.40548,0.6151497,-34.140457,-92.1153,0.100577265,13.411028,-0.6107698,-7.787702,0.10904849,1.0,1.3934262,0.0,-34.919235,-92.14408,0.6289424,-34.61874,-92.22744,0.10901148,0.0049788263320922855,9240.086111545563,275000
18.98796,-0.6340445,-7.7211523,0.092411034,1.0,1.2924371,0.0,-35.080048,-92.265236,5.161194,-5.1751404,94.7921,0.6862602,-34.778244,-92.18839,0.13686937,18.541328,-0.56950843,-7.7931347,0.110406615,1.0,1.6782463,0.0,-34.601673,-90.84451,0.5509403,-34.261734,-90.83981,0.1330852,0.004883384275436401,9264.503036499023,280000
9.497033,-0.8234266,-7.70368,0.088042945,1.0,1.1438857,0.0,-34.229576,-91.81105,4.812504,-6.2459555,91.76196,0.595194,-33.953476,-91.67555,0.0954811,19.561825,-0.5853289,-7.786294,0.108696446,1.0,1.4840649,0.0,-34.073994,-91.48875,0.84888816,-33.80284,-91.40331,0.10838828,0.004937553882598877,9289.19080877304,285000
14.841095,-0.4981575,-7.7002363,0.087182045,1.0,1.217206,0.0,-33.313187,-92.51982,7.889637,-6.0672956,85.740036,0.40205657,-32.998425,-92.44445,0.08523344,18.498388,-0.60609293,-7.7694798,0.10449294,1.0,1.3387449,0.0,-34.114685,-92.14027,0.9837872,-33.856808,-92.07553,0.115160465,0.004795534420013427,9313.168484926224,290000
12.687116,-0.55707794,-7.7103524,0.089711115,1.0,1.3014662,0.0,-33.85686,-92.544655,4.632763,-2.690048,56.46673,1.0185963,-33.469475,-92.48432,0.10995577,14.932245,-0.6121344,-7.7807198,0.107302815,1.0,1.7784693,0.0,-34.566086,-92.13928,1.0294318,-34.267128,-92.04375,0.11153289,0.004866272640228271,9337.499852180481,295000
9.368579,-0.7301891,-7.709188,0.08941989,1.0,1.5590587,0.0,-33.59992,-92.26269,4.0414762,-2.8784528,78.40882,0.9027743,-33.34897,-92.18467,0.11898933,14.412086,-0.6519963,-7.7841883,0.108170055,1.0,1.4011643,0.0,-33.972153,-91.93354,0.5903212,-33.66015,-91.797035,0.20605484,0.004647297143936157,9360.736340761185,300000
15.321457,-0.57502997,-7.7117376,0.0900574,1.0,1.1646922,0.0,-34.478394,-92.55343,4.5087557,-3.5923538,63.29023,0.5676961,-34.15966,-92.48723,0.08893768,18.029915,-0.5349232,-7.7721143,0.105151474,1.0,1.369046,0.0,-33.219257,-92.348015,0.832621,-32.892994,-92.27164,0.14780489,0.18539684085845948,10287.720547914505,305000
8.875204,-0.6320835,-7.690129,0.08465518,1.0,0.9725827,0.0,-33.323475,-92.66893,3.0730393,-4.631415,48.021908,0.7419933,-33.03,-92.58836,0.09807678,15.911075,-0.60005075,-7.774561,0.10576326,1.0,2.1678274,0.0,-34.658684,-92.23889,0.6113942,-34.37806,-92.15234,0.13299778,0.004464419841766357,10310.042648792267,310000
14.29202,-0.4277923,-7.707918,0.089102626,1.0,1.0077348,0.0,-34.14208,-92.8885,2.9653873,-2.4618702,65.0577,0.6311574,-33.83557,-92.81735,0.121742986,19.432789,-0.5435337,-7.7871323,0.108905956,1.0,1.3724594,0.0,-32.988106,-91.97243,1.0390004,-32.700645,-91.89904,0.17253006,0.004890530729293823,10334.495305538177,315000
11.464611,-0.6939406,-7.685925,0.08360422,1.0,1.4112608,0.0,-34.539543,-92.11631,3.3584814,-5.198676,70.783516,0.6283977,-34.256603,-92.021126,0.104375556,16.380894,-0.75135756,-7.7881203,0.10915305,1.0,1.4982464,0.0,-34.42695,-92.26377,0.7644206,-34.12957,-92.18754,0.105750814,0.006417850685119629,10366.584568023682,320000
17.781391,-0.5250856,-7.68824,0.08418299,1.0,1.4590425,0.0,-32.080788,-92.48612,27.841736,-114.833405,289.6256,0.7059287,-31.839241,-92.410904,0.11211732,21.141468,-0.48152262,-7.7764363,0.106231995,1.0,1.4621426,0.0,-34.982487,-93.28982,1.2855345,-34.666534,-93.161934,0.14850676,0.004893099403381348,10391.050072431564,325000
8.956142,-0.67766744,-7.6940527,0.08563612,1.0,1.0674101,0.0,-35.251522,-92.04898,5.557397,-3.4342375,71.51656,0.7725351,-34.9499,-91.97175,0.08357257,15.15874,-0.6901944,-7.780834,0.107331544,1.0,1.8619611,0.0,-34.896446,-92.40541,0.77680737,-34.594933,-92.34347,0.12444787,0.004621748828887939,10414.158819675446,330000
12.68123,-0.6742899,-7.6883,0.08419803,1.0,1.4189451,0.0,-34.416523,-92.01324,7.4399347,-8.7275505,97.3724,0.7158585,-34.12818,-91.95871,0.11030434,8.094071,-0.743842,-7.766904,0.10384892,1.0,1.5365467,0.0,-32.82917,-92.45252,0.9641117,-32.52337,-92.0663,0.12152299,0.0043650333404541015,10435.983988046646,335000
11.635585,-0.51635516,-7.687085,0.08389437,1.0,0.9960357,0.0,-33.98256,-92.65343,1.9246293,-6.447412,46.535915,0.95636135,-33.71492,-92.58572,0.09235655,17.14642,-0.5654743,-7.7781997,0.106672876,1.0,1.2733483,0.0,-33.69207,-91.92109,0.51038134,-33.33209,-91.768166,0.14479214,0.004302527570724487,10457.49662899971,340000
18.56989,-0.46565408,-7.7104726,0.089741096,1.0,1.4211015,0.0,-34.46086,-92.76927,4.1462803,-4.6898203,74.08636,0.6621609,-34.129936,-92.65348,0.10650811,15.772327,-0.66470385,-7.7394247,0.09697912,1.0,1.7047479,0.0,-35.798584,-93.20727,0.9378146,-35.535183,-93.19501,0.09948837,0.0042096715927124025,10478.54499053955,345000
10.703587,-0.61383164,-7.6932716,0.08544081,1.0,1.2869542,0.0,-36.61203,-93.53194,2.6836765,-3.332608,48.810127,0.39124358,-36.28372,-93.46658,0.11379999,11.089317,-0.7291956,-7.7570553,0.10138674,1.0,1.5512688,0.0,-35.170593,-92.240814,1.179215,-34.89058,-92.17807,0.111137204,0.004138297414779663,10499.236480474472,350000
7.6429777,-0.71516925,-7.699649,0.0870352,1.0,1.3532962,0.0,-33.843216,-92.58582,2.9380379,-2.7619507,64.20839,0.44313446,-33.50952,-92.549355,0.09156319,12.864258,-0.6382673,-7.7899256,0.109604225,1.0,1.0961735,0.0,-35.13461,-92.86475,0.76977795,-34.83964,-92.904175,0.107922174,0.004151546192169189,10519.994215488434,355000
11.245541,-0.66697866,-7.693718,0.085552454,1.0,1.3509687,0.0,-36.2156,-92.77619,4.0259056,-3.125626,68.503395,0.72330314,-35.9387,-92.62511,0.13703799,18.38663,-0.74256676,-7.7933273,0.11045472,1.0,1.7628186,0.0,-35.497925,-92.59148,0.5378079,-35.21536,-92.58037,0.17302252,0.004136705636978149,10540.677746295929,360000
15.815237,-0.38432255,-7.6813755,0.0824669,1.0,1.4940522,0.0,-35.146492,-93.23473,6.5899,-5.736368,87.35135,0.43518573,-34.87243,-93.17754,0.12410479,18.997585,-0.46856123,-7.7732353,0.10543182,1.0,1.4869657,0.0,-34.583855,-91.84288,0.75732553,-34.297638,-91.796234,0.12271637,0.004217332029342651,10561.76441001892,365000
22.909643,-0.3418749,-7.6999283,0.08710511,1.0,1.3415654,0.0,-35.447468,-93.61243,3.8718777,-3.2239375,81.41954,0.44344556,-35.151276,-93.54802,0.09861729,21.668602,-0.34696084,-7.801181,0.112418175,1.0,1.7135239,0.0,-34.396698,-93.24238,0.6241046,-34.127182,-93.17087,0.1051998,0.00500040979385376,10586.766460895538,370000
15.563984,-0.52376044,-7.6953115,0.08595072,1.0,1.2827728,0.0,-34.757767,-93.11768,5.3037424,-5.3539805,61.17457,0.9142832,-34.455536,-93.034355,0.10145365,21.967436,-0.4648957,-7.7571774,0.10141732,1.0,1.4878613,0.0,-36.399025,-92.74858,0.38504577,-36.089912,-92.67716,0.13844372,0.0050373053073883055,10611.952991247177,375000
15.055773,-0.3811322,-7.703444,0.087984025,1.0,1.0713174,0.0,-35.284515,-93.29967,4.0062537,-5.077726,81.59876,0.69246256,-34.961758,-93.18552,0.11853661,16.046932,-0.4672908,-7.747342,0.09895846,1.0,1.504046,0.0,-35.373917,-92.82765,0.7701584,-35.079437,-92.79783,0.15271865,0.004444879007339478,10634.177389860153,380000
14.424524,-0.4418689,-7.710707,0.08979967,1.0,1.2006502,0.0,-34.42741,-93.18295,2.827241,-2.6449156,56.612877,0.7931659,-34.11006,-93.13405,0.08024944,20.09893,-0.57357526,-7.7759085,0.10610002,1.0,1.2427408,1.1673212,-33.762127,-92.8558,0.71410406,-33.483192,-92.76833,0.09479266,0.004351822137832642,10655.936503887177,385000
13.033926,-0.5929349,-7.685997,0.08362215,1.0,1.2825403,0.0,-35.252167,-93.17365,3.423255,-2.8837295,67.98237,0.6073197,-34.92501,-93.09888,0.11133528,16.43858,-0.6535078,-7.7892942,0.109446466,1.0,1.6036823,0.0,-33.509308,-92.55747,1.724391,-33.193222,-92.48144,0.12571692,0.004262839412689209,10677.250706195831,390000
8.521782,-0.7001958,-7.6790123,0.081875935,1.0,1.1219482,0.0,-33.443798,-93.053474,3.206489,-3.1804357,65.05043,0.68550706,-33.16831,-92.98252,0.12581386,10.716087,-0.77099454,-7.7662897,0.103695415,1.0,1.3459563,0.0,-32.68068,-92.69518,0.48981962,-32.416283,-92.633965,0.12319661,0.0044165675163269046,10699.333546876907,395000
12.393434,-0.6324373,-7.6894603,0.08448807,1.0,1.1083775,0.0,-34.2357,-93.57544,4.5482416,-5.2580004,71.23258,0.72005546,-33.92289,-93.53856,0.09461485,14.997128,-0.648368,-7.748785,0.09931916,1.0,1.5620366,0.0,-34.946945,-92.79515,0.45223522,-34.693687,-92.65806,0.23567563,0.004246792840957641,10720.567515850067,400000
20.567272,-0.43768972,-7.6747494,0.08081022,1.0,1.6753385,0.0,-34.159935,-93.55746,100.770325,-26.568518,285.83582,0.52074087,-33.860867,-93.52548,0.14469439,33.517418,-0.42428064,-7.779731,0.107055694,1.0,1.8070918,0.0,-33.14571,-92.87678,0.6710582,-32.847576,-92.81872,0.16268831,0.17650486693382264,11603.091855764389,405000
13.208344,-0.52414036,-7.6819386,0.08260765,1.0,0.9683388,0.0,-35.028206,-93.389275,3.2103765,-2.7069073,46.570522,0.5824784,-34.78622,-93.31988,0.07363653,13.889084,-0.51365244,-7.761642,0.10253347,1.0,1.1822281,0.0,-33.90368,-92.86784,0.94270617,-33.5905,-92.77051,0.09749143,0.006437373971939087,11635.278732061386,410000
8.724666,-0.6626432,-7.680188,0.082170054,1.0,1.1095123,0.0,-34.06332,-93.44516,3.727852,-2.1367145,51.90278,0.68804353,-33.762756,-93.15671,0.09661662,11.172081,-0.6425937,-7.771465,0.1049892,1.0,1.2988762,0.0,-35.764896,-92.90904,0.5527022,-35.462593,-92.80728,0.11507687,0.0062970601081848146,11666.76403594017,415000
10.360185,-0.66776335,-7.6995153,0.087001875,1.0,1.228679,0.0,-33.09777,-93.72124,3.7693956,-4.3057547,65.27987,0.98507553,-32.76174,-93.667465,0.11172878,13.3587265,-0.7241851,-7.759303,0.10194881,1.0,1.2372181,0.0,-36.064064,-93.06245,0.76097405,-35.757866,-92.99178,0.098004356,0.006561305236816407,11699.570563793182,420000
13.168686,-0.48490474,-7.678334,0.081706464,1.0,1.2023695,0.0,-34.722797,-93.12058,7.029247,-7.4200797,92.31763,0.4488483,-34.462578,-93.07873,0.10161184,15.030722,-0.5109527,-7.764963,0.1033637,1.0,1.3251038,0.0,-35.02795,-93.90698,0.98975885,-34.794636,-93.78879,0.15865584,0.006595844316482544,11732.54979801178,425000
15.013748,-0.55856574,-7.667593,0.07902116,1.0,1.0158051,0.0,-34.19078,-93.86464,5.8582563,-3.3873005,53.97998,0.5572934,-33.87973,-93.8054,0.09165508,14.176465,-0.6049446,-7.7589083,0.10184997,1.0,1.5297197,0.0,-34.33204,-93.13902,0.8528155,-33.989536,-93.06574,0.14070314,0.00659144606590271,11765.50703549385,430000
12.703425,-0.6232466,-7.6740894,0.080645405,1.0,0.953117,0.0,-34.42622,-93.44909,2.883887,-2.7263284,49.278328,0.7644224,-34.16406,-93.383316,0.07090307,16.309948,-0.58878446,-7.741588,0.09752008,1.0,1.3830299,0.0,-34.00702,-93.03192,0.48524013,-33.715424,-92.96013,0.095633335,0.006471400594711304,11797.864044189453,435000
14.068623,-0.51802945,-7.687233,0.08393127,1.0,1.2840459,0.0,-33.983612,-93.159935,3.2532933,-2.368797,64.18112,0.59626174,-33.764183,-93.09768,0.15527982,12.552985,-0.61138123,-7.7707725,0.10481605,1.0,1.2241575,0.0,-34.97884,-93.39316,0.8246896,-34.650337,-93.32787,0.117812485,0.006160589647293091,11828.667010307312,440000
9.293248,-0.6779642,-7.6837845,0.083069034,1.0,1.3522409,0.38983548,-33.517,-93.70094,3.553902,-11.439069,63.7908,0.5603876,-33.18659,-93.63693,0.10380962,10.688837,-0.7217945,-7.753969,0.10061529,1.0,1.4462609,0.0,-35.16103,-93.56092,0.9010296,-34.880005,-93.496,0.1482308,0.0063128334999084474,11860.231183052063,445000
11.24584,-0.5713435,-7.6661215,0.078653365,1.0,1.3862637,0.0,-33.12213,-93.87338,4.784252,-5.036695,61.833523,1.0348399,-32.825195,-93.78041,0.10019411,15.664885,-0.64755285,-7.7573366,0.101457156,1.0,1.6177268,0.0,-34.544796,-93.055565,0.78057903,-34.255966,-92.95726,0.14104049,0.00670710391998291,11893.766713380814,450000
9.974684,-0.6106794,-7.686813,0.08382626,1.0,1.1442153,0.0,-33.3463,-93.64201,2.987501,-4.5434785,44.372726,0.75804865,-33.064762,-93.58024,0.083673164,21.404312,-0.539476,-7.750675,0.09979184,1.0,2.0281034,0.0,-35.08529,-93.525894,0.90308213,-34.82452,-93.46138,0.16732538,0.006286597490310669,11925.19970536232,455000
10.734718,-0.6991438,-7.6959796,0.08611779,1.0,1.6498054,0.0,-34.50982,-94.018745,5.8456836,-7.181132,95.39638,0.6194521,-34.22092,-93.978355,0.15090609,20.27473,-0.6582781,-7.7812576,0.10743744,1.0,1.2959167,0.0,-34.682922,-93.48568,1.0344975,-34.3676,-93.355225,0.14382532,0.0047270559787750245,11948.834990978241,460000
19.336514,-0.53537095,-7.6854334,0.08348124,1.0,1.53725,0.0,-33.62145,-93.37547,7.754425,-7.429772,101.15199,0.4174,-33.367207,-93.30909,0.10018368,20.155401,-0.62528634,-7.744011,0.09812566,1.0,1.7767236,0.0,-34.70736,-93.26738,0.44885907,-34.46418,-93.199776,0.1359237,0.005017034959793091,11973.92017531395,465000
11.720736,-0.4875949,-7.680072,0.082140915,1.0,1.0097783,0.0,-34.35321,-93.63729,4.430669,-4.215605,43.38642,0.7864319,-34.051315,-93.518036,0.10600121,13.60756,-0.5841965,-7.775339,0.1059578,1.0,1.2288201,0.0,-34.6187,-93.36846,0.70163494,-34.306747,-93.293365,0.13493231,0.004797753858566284,11997.908949613571,470000
21.153284,-0.41376027,-7.6910553,0.084886804,1.0,1.3281573,0.0,-36.0443,-93.72719,15.215469,-3.6890411,81.78174,0.3236968,-35.751976,-93.64519,0.10832599,13.695513,-0.6554533,-7.776143,0.10615876,1.0,1.5923438,0.0,-32.89455,-94.09966,0.46033448,-32.648716,-94.2297,0.12446987,0.004708440971374512,12021.451158046722,475000
17.009544,-0.545599,-7.683237,0.08293227,1.0,0.9843265,0.0,-34.693512,-93.65821,4.074946,-3.6759624,58.01371,0.84018314,-34.406044,-93.51724,0.12997973,13.4961605,-0.6424422,-7.789256,0.109437056,1.0,1.5314457,0.0,-34.062096,-93.58182,0.5176117,-33.788235,-93.31624,0.14726004,0.004868995380401611,12045.79613852501,480000
12.254963,-0.51514053,-7.6777134,0.081551336,1.0,1.1187515,0.0,-34.43757,-93.75596,2.5568588,-2.1975448,47.21546,0.46746278,-34.180313,-93.68663,0.11013192,13.892982,-0.7204429,-7.777605,0.106524214,1.0,1.4174659,0.0,-36.021873,-93.63629,1.0466914,-35.72164,-93.354904,0.10889591,0.005162535190582275,12071.608817577362,485000
10.441118,-0.5148827,-7.6628056,0.07782437,1.0,1.1274762,0.0,-33.326553,-93.69638,4.8388987,-8.397074,67.31776,0.50646317,-33.035194,-93.630005,0.09602256,14.087603,-0.572695,-7.741013,0.0973763,1.0,1.3864915,0.0,-33.88388,-93.5629,0.77735347,-33.5943,-93.4975,0.114396356,0.005078189277648926,12096.999767541885,490000
8.46558,-0.6223716,-7.6816306,0.08253059,1.0,1.2353,0.0,-36.219208,-94.052505,3.5769737,-4.022596,60.57444,0.90308714,-35.91649,-93.991745,0.08647645,21.893475,-0.5679218,-7.764239,0.10318266,1.0,1.2955017,0.0,-36.242718,-93.34142,1.0664867,-35.965096,-93.27365,0.16004421,0.004791712141036988,12120.958332300186,495000
12.386419,-0.43148428,-7.6719723,0.08011599,1.0,1.150323,0.0,-35.60157,-94.17491,4.231572,-6.7190976,69.60779,0.5132556,-35.344086,-94.10631,0.08099589,20.05822,-0.4878863,-7.7655096,0.10350032,1.0,1.6493685,0.0,-35.10467,-93.9407,1.0034252,-34.812397,-93.87615,0.13472496,0.005112292003631592,12146.519795656204,500000
11.676338,-0.5498707,-7.6748667,0.08083972,1.0,1.1808606,0.0,-35.47837,-93.83746,3.1426494,-3.5781116,47.944897,0.320634,-35.18262,-93.74228,0.123822585,15.714668,-0.6527961,-7.745057,0.09838715,1.0,1.6840248,0.0,-35.596146,-92.70194,0.52849376,-35.31041,-92.84987,0.18069696,0.21168643546104432,13204.951981067657,505000
10.517878,-0.61706865,-7.666771,0.07881571,1.0,1.0516438,0.0,-34.19863,-94.19863,2.9307778,-2.2793074,57.42037,0.8285202,-33.946255,-94.13056,0.09413698,11.860276,-0.63758516,-7.759218,0.10192756,1.0,1.2576736,0.0,-35.64174,-92.96825,0.8684361,-35.354034,-93.02124,0.11732629,0.004172939920425415,13225.816684007645,510000
11.161375,-0.78506446,-7.6659656,0.078614324,1.0,1.2060294,0.0,-34.062656,-94.10685,4.667206,-4.0064387,71.479996,0.7176272,-33.780334,-94.047,0.09183965,10.124759,-0.79694384,-7.75315,0.100410365,1.0,1.9341621,0.0,-33.975067,-93.12488,0.8271847,-33.69326,-93.054214,0.17274171,0.004322817611694336,13247.430775165558,515000
15.0019455,-0.44679186,-7.6695757,0.079516925,1.0,1.6207982,0.0,-34.646305,-93.346344,8.636687,-11.71384,98.42573,0.46090716,-34.341316,-93.25202,0.08860603,18.48912,-0.4544481,-7.748166,0.09916443,1.0,1.5582149,0.0,-35.451412,-93.825745,1.0436639,-35.21539,-93.74987,0.13456313,0.004885945415496826,13271.860504865646,520000
13.378262,-0.5998137,-7.6687136,0.07930133,1.0,1.28485,0.0,-35.33471,-93.850586,7.68097,-11.178412,91.70768,0.81751,-35.055458,-93.7645,0.08716182,17.543968,-0.5600001,-7.7552714,0.1009408,1.0,1.0432259,0.0,-35.759842,-93.46338,1.3358254,-35.457836,-93.39726,0.11227368,0.0051924971103668215,13297.822994947433,525000
16.098509,-0.6428826,-7.671776,0.08006691,1.0,1.356172,0.0,-33.703194,-93.742355,3.7411134,-9.501509,70.3334,0.7832602,-33.427414,-93.67832,0.10832203,17.384613,-0.6690794,-7.763897,0.10309716,1.0,1.3750212,0.0,-35.336983,-93.44976,0.83755106,-35.032494,-93.40187,0.1496852,0.0046610451698303225,13321.128224134445,530000
13.643528,-0.4328058,-7.6952543,0.08593652,1.0,1.1940312,0.0,-35.29333,-93.54667,7.7025967,-7.606981,69.855316,0.68203914,-34.972298,-93.48266,0.10928212,15.933876,-0.57013404,-7.7981615,0.11166327,1.0,1.4736319,0.0,-34.78556,-93.51857,0.7015102,-34.470177,-93.487305,0.12579921,0.004658375215530396,13344.420103311539,535000
9.983007,-0.6655051,-7.6852903,0.08344556,1.0,1.3465022,0.0,-34.7547,-93.94007,8.5718565,-8.668083,89.26352,0.7866563,-34.43566,-93.870476,0.09213701,11.269533,-0.76736164,-7.7461243,0.098654106,1.0,1.3783963,0.0,-33.43914,-93.62741,0.8599417,-33.1333,-93.55258,0.11655241,0.0048106245994567875,13368.47323012352,540000
10.098406,-0.70011604,-7.691898,0.08509737,1.0,1.2215967,0.0,-34.43298,-93.46445,5.277828,-2.994116,61.947025,0.6201281,-34.13281,-93.40507,0.10248716,14.01286,-0.7613523,-7.7691984,0.10442252,1.0,1.7920195,0.0,-35.622124,-93.70153,1.2753283,-35.30699,-93.66241,0.14571126,0.004630800056457519,13391.627233028412,545000
12.0934105,-0.6425481,-7.669197,0.079422206,1.0,1.052662,0.0,-34.907944,-94.1581,4.9811115,-2.479256,62.852333,1.0389938,-34.632175,-94.09983,0.09627094,12.579237,-0.6848036,-7.7534285,0.10048008,1.0,2.0582993,0.0,-35.131767,-92.89616,0.8304456,-34.8303,-92.82471,0.1434282,0.005065723705291748,13416.95585489273,550000
10.073027,-0.69269675,-7.6845245,0.08325418,1.0,1.0581114,0.0,-34.58132,-93.50075,4.4357424,-2.7557814,66.25413,0.6060467,-34.256493,-93.43508,0.104121625,10.701307,-0.7391862,-7.7688417,0.10433337,1.0,1.1937315,0.0,-36.967278,-93.21335,0.858716,-36.677475,-93.1334,0.114160195,0.004826174974441528,13441.086732149124,555000
15.989279,-0.44449338,-7.6573324,0.07645598,1.0,1.2903844,0.0,-34.601585,-93.65305,3.129745,-4.3967276,60.88191,0.8213685,-34.314224,-93.59122,0.1177682,14.582165,-0.5290146,-7.7637467,0.10305968,1.0,1.3870764,0.0,-35.152145,-93.49104,1.1044278,-34.873547,-93.408936,0.12619445,0.004774652528762817,13464.959997177124,560000
7.5699925,-0.5898056,-7.6449566,0.07336202,1.0,0.9486219,0.0,-34.85061,-93.692924,1.8012701,-8.865853,43.53381,0.70535153,-34.598804,-93.60833,0.070708424,11.0299225,-0.59301233,-7.7445273,0.09825481,1.0,1.1602329,0.0,-35.57495,-94.14893,0.62098646,-35.313694,-94.074036,0.11881164,0.004998075294494629,13489.950378656387,565000
9.251224,-0.6540617,-7.6555767,0.076017186,1.0,0.99959695,0.0,-34.06842,-94.13504,5.6453834,-3.4725573,52.289078,0.7741177,-33.790688,-94.075905,0.11401362,13.106918,-0.70515305,-7.761529,0.10250519,1.0,1.3224709,0.0,-35.721725,-92.53976,1.1031884,-35.368362,-92.451584,0.13635525,0.00534808611869812,13516.69081401825,570000
10.590717,-0.6323388,-7.680498,0.08224752,1.0,1.5895584,0.0,-35.500656,-93.37764,7.668206,-10.525605,75.56032,0.76752007,-35.188583,-93.31042,0.12322282,16.516163,-0.5901967,-7.760436,0.1022321,1.0,1.1671581,0.0,-34.355316,-92.773346,0.88310176,-34.037666,-92.71935,0.15439965,0.005853367471694946,13545.957655906677,575000
13.540184,-0.5801556,-7.6816883,0.08254501,1.0,1.2667482,0.0,-34.243633,-93.351364,2.3791792,-2.1478307,47.751907,0.7893692,-33.96683,-93.28486,0.109310575,11.792443,-0.67905736,-7.7465863,0.098769546,1.0,1.6343865,0.0,-35.46816,-93.50412,0.7494409,-35.18101,-93.438126,0.16795346,0.006060655450820923,13576.260936498642,580000
12.582926,-0.7337434,-7.650877,0.07484218,1.0,1.5996513,0.0,-34.88913,-93.72056,9.560899,-5.047486,87.98646,0.4961212,-34.599495,-93.65689,0.10311536,19.226818,-0.79615927,-7.7584057,0.10172434,1.0,1.8045688,0.0,-34.958305,-93.72752,1.4109943,-34.612007,-93.664734,0.15270689,0.006131501007080078,13606.91844367981,585000
24.226755,-0.302384,-7.6674767,0.078992024,1.0,1.21139,0.0,-35.814423,-93.50301,4.5597196,-4.439057,96.970566,0.9298714,-35.521294,-93.39571,0.118987694,19.78857,-0.45636746,-7.7531614,0.10041335,1.0,1.5078902,0.0,-36.508442,-94.03004,0.53469217,-36.209736,-93.894455,0.12649654,0.00603199429512024,13637.078419923782,590000
16.320953,-0.45500556,-7.6526012,0.07527321,1.0,1.1980356,0.0,-33.667107,-93.79657,11.589046,-12.68597,130.44838,1.1886398,-33.32468,-93.73352,0.11156598,21.032469,-0.40350097,-7.760542,0.102258414,1.0,1.9997141,0.10785973,-35.52318,-93.24932,1.3856969,-35.167595,-93.17032,0.12335766,0.006064394474029541,13667.400397539139,595000
9.506153,-0.7163358,-7.673271,0.08044074,1.0,1.0283071,0.0,-35.849953,-94.13353,4.6162934,-5.1133146,65.49785,0.5324991,-35.50377,-94.073395,0.11544648,16.75331,-0.7598186,-7.7848654,0.108339295,1.0,1.5354307,0.0,-35.28344,-93.47495,1.1699339,-34.97857,-93.4021,0.14464654,0.006123846817016602,13698.019634723663,600000
8.372604,-0.65468895,-7.6695757,0.07951689,1.0,1.3650475,0.0,-34.223976,-93.39171,5.2389226,-7.3736515,74.339806,0.60174173,-33.936775,-93.318726,0.10003149,15.933702,-0.6921709,-7.773243,0.10543369,1.0,1.6770589,0.0,-36.229076,-93.59222,1.1779819,-35.919266,-93.556206,0.121041656,0.1830833502292633,14613.43638920784,605000
8.334969,-0.78851473,-7.6613398,0.077457964,1.0,1.45238,0.0,-35.73195,-93.57839,3.559503,-11.045773,83.68199,0.9096847,-35.407234,-93.513504,0.10869303,14.834211,-0.7592517,-7.7792525,0.10693611,1.0,1.5214169,0.06540656,-34.503765,-92.89923,0.775696,-34.21595,-92.82766,0.14180747,0.0040442819595336915,14633.657802581787,610000
14.73044,-0.5112423,-7.6749315,0.08085584,1.0,1.1675847,0.0,-36.023438,-93.65428,2.5296557,-2.5130363,48.69804,0.47461832,-35.70734,-93.424446,0.105610505,19.937809,-0.50634104,-7.725696,0.093547,1.0,1.4849832,0.0,-35.5092,-93.47915,0.6091418,-35.24791,-93.475945,0.10738101,0.004335805654525757,14655.336833238602,615000
7.9789824,-0.6565966,-7.6653833,0.078468814,1.0,0.97102857,0.0,-33.261097,-93.57742,3.6878254,-2.4692242,46.685966,0.7226724,-32.940216,-93.541504,0.09352864,14.365631,-0.7392715,-7.772767,0.10531475,1.0,1.2768985,0.0,-35.570343,-93.47106,0.9041206,-35.254707,-93.45866,0.14155325,0.004076493835449219,14675.719304800034,620000
14.956896,-0.53311753,-7.674178,0.080667466,1.0,1.2581475,0.0,-36.366188,-92.79687,7.4651966,-8.86185,80.94654,0.31184083,-36.080475,-92.725525,0.1097493,17.30301,-0.5805238,-7.7312765,0.09494205,1.0,1.496652,0.0,-36.585365,-93.650276,1.5825909,-36.284023,-93.586975,0.1590485,0.004545486879348755,14698.446742296219,625000
9.254718,-0.56462145,-7.681357,0.08246222,1.0,1.3307617,0.0,-34.606377,-93.359055,2.813116,-7.170487,50.28863,0.7719913,-34.35283,-93.29194,0.10934852,10.3146515,-0.6461097,-7.72808,0.09414297,1.0,1.252604,0.0,-34.857735,-93.50756,0.93635017,-34.588783,-93.43916,0.118552744,0.005103507566452026,14723.964284658432,630000
11.391264,-0.4983878,-7.651072,0.074890986,1.0,1.0616165,0.0,-36.210213,-93.47371,2.1229732,-4.270316,52.06737,0.67870927,-35.936253,-93.40873,0.079021804,14.074388,-0.68054724,-7.7466397,0.09878293,1.0,1.2612069,0.0,-35.235146,-93.505585,1.0247853,-34.91928,-93.440544,0.12709336,0.005844355297088623,14753.186069488525,635000
23.23676,-0.30188414,-7.676922,0.081353486,1.0,1.2565389,0.0,-34.238235,-93.17017,4.6167817,-6.539417,89.82873,0.57614297,-33.977592,-93.03459,0.11851746,17.644476,-0.5351424,-7.777747,0.10655977,1.0,1.328372,0.0,-34.89255,-93.652756,0.80531275,-34.627377,-93.363266,0.14351967,0.006032941818237304,14783.35078215599,640000
15.199953,-0.5247603,-7.655229,0.07593028,1.0,0.93709123,0.0,-33.734367,-93.85015,3.2918828,-2.4205484,48.72831,0.6009706,-33.49219,-93.796295,0.079362705,15.072908,-0.65855795,-7.750224,0.09967898,1.0,1.2429668,0.0,-35.3097,-93.908325,0.806767,-35.00515,-93.847336,0.12482031,0.005997074651718139,14813.33615899086,645000
10.761704,-0.7140422,-7.6808624,0.082338676,1.0,1.2736778,0.0,-35.461266,-93.82625,3.0477517,-2.8175337,57.397552,0.93017775,-35.19571,-93.76354,0.1273508,17.598072,-0.7316814,-7.762969,0.10286513,1.0,1.6564246,0.0,-33.811672,-93.88612,1.0948395,-33.52939,-93.82037,0.21888761,0.006081697273254394,14843.7446475029,650000
7.61118,-0.79073083,-7.6603756,0.07721692,1.0,1.6207104,0.0,-35.21735,-93.663704,3.6192389,-4.997216,84.01253,0.5357217,-34.95726,-93.59534,0.10177011,15.985244,-0.70631194,-7.7359533,0.09611141,1.0,1.5103004,0.26896107,-34.666553,-94.10743,0.84186417,-34.416897,-94.04588,0.12476178,0.006002434349060059,14873.756822347641,655000
10.579969,-0.63043225,-7.6660624,0.0786385,1.0,1.3952129,0.0,-34.49633,-92.92443,7.2585506,-9.877142,77.46095,1.0268443,-34.200737,-92.87387,0.14254487,10.835544,-0.71495485,-7.752729,0.100305185,1.0,1.509815,0.0,-36.3524,-93.49136,0.61682796,-36.08525,-93.426956,0.13586159,0.005973154401779175,14903.622596979141,660000
10.490491,-0.59245694,-7.68607,0.083640404,1.0,1.1666217,0.0,-34.810684,-93.62265,3.6359787,-2.290329,62.404854,0.59278315,-34.52306,-93.55747,0.113453105,13.404163,-0.6884341,-7.7481775,0.09916729,1.0,1.2018996,0.0,-34.62491,-92.328545,0.9309505,-34.33042,-92.25052,0.11160859,0.005945286846160889,14933.349035024643,665000
14.761044,-0.4152617,-7.671605,0.08002423,1.0,1.4090033,0.0,-36.38883,-93.919754,4.001302,-10.274642,84.72078,1.7238688,-36.12003,-93.8579,0.10031533,20.687397,-0.51872486,-7.76294,0.102857985,1.0,1.4708614,0.0,-35.29772,-93.34701,1.2046558,-35.01762,-93.232216,0.10757841,0.005988408041000366,14963.291078805923,670000
11.311169,-0.51271033,-7.660013,0.07712637,1.0,1.0856478,0.0,-35.322044,-93.98459,3.778177,-3.4892282,50.591473,0.793442,-34.972504,-93.92589,0.11459345,17.71345,-0.58924973,-7.764912,0.10335098,1.0,2.0121546,0.0,-34.87979,-93.73937,0.86977464,-34.560944,-93.72374,0.15640804,0.0060529911994934085,14993.55603837967,675000
5.2934475,-0.86681974,-7.6611857,0.077419415,1.0,1.160121,0.0,-35.08858,-93.30329,4.3463387,-3.7834535,73.53096,1.116191,-34.7518,-93.22211,0.13618672,7.0685344,-0.96951175,-7.7523413,0.10020833,1.0,1.4309919,0.0,-33.639153,-93.02127,0.5279567,-33.370056,-93.07605,0.13317066,0.006252847862243652,15024.820280075073,680000
20.281723,-0.57391,-7.638895,0.07184673,1.0,1.471389,0.0,-35.14359,-94.04084,4.9587646,-3.831565,80.99663,0.76457655,-34.887695,-93.989136,0.1434923,30.380388,-0.5397125,-7.7429876,0.09786988,1.0,1.907466,0.0,-35.334312,-93.54495,0.86677426,-35.05333,-93.502304,0.15044361,0.005985753393173218,15054.7490503788,685000
15.603493,-0.556704,-7.6653624,0.078463584,1.0,1.1896914,0.0,-36.020855,-93.909485,5.403118,-3.649268,57.20058,0.78062534,-35.705788,-93.84975,0.099956825,11.5856085,-0.71191585,-7.741825,0.09757933,1.0,1.2284312,0.0,-36.732277,-93.6409,1.0908123,-36.433914,-93.58338,0.20923653,0.006025031042098999,15084.874210357666,690000
18.6419,-0.42617208,-7.6474333,0.07398134,1.0,1.3258724,0.0,-36.343044,-93.695114,3.6825087,-5.239779,74.10884,0.61155534,-36.067814,-93.63284,0.117780626,25.940624,-0.3859052,-7.759075,0.101891786,1.0,1.4418169,0.0,-35.216324,-93.52135,0.6966944,-34.921967,-93.43338,0.12703484,0.00603956151008606,15115.072021961212,695000
13.342387,-0.79006827,-7.6525507,0.075260565,1.0,1.1337779,0.0,-34.85325,-93.8322,3.57226,-3.9085903,70.220474,1.0133971,-34.474304,-93.77079,0.11703671,11.20167,-0.738958,-7.737937,0.09660721,1.0,1.4855471,0.0,-35.619987,-93.32564,1.3921894,-35.33839,-93.25861,0.14718571,0.00601598105430603,15145.151934862137,700000
13.685509,-0.56701195,-7.658001,0.07662313,1.0,1.0474868,0.0,-34.561165,-93.69734,2.3901289,-1.8282764,42.739986,0.70226175,-34.319843,-93.6314,0.103790656,15.05173,-0.5423899,-7.7471848,0.09891912,1.0,1.8171437,0.0,-34.749672,-93.72503,0.6335281,-34.43469,-93.68732,0.16709977,0.16279108929634095,15959.10738492012,705000
13.643066,-0.44009495,-7.673609,0.080525145,1.0,1.6245239,0.0,-36.944283,-93.73847,3.265025,-5.110602,69.00543,0.53126794,-36.628403,-93.6755,0.13731387,14.547548,-0.45810974,-7.732973,0.09536629,1.0,1.3651103,0.0,-34.82656,-93.40125,1.2627192,-34.543404,-93.29077,0.13140604,0.00794124035835266,15998.813591957092,710000
17.294298,-0.47621828,-7.6492033,0.074423745,1.0,1.1248846,0.0,-37.060226,-93.984955,2.3232698,-2.1017578,49.563248,0.65398574,-36.77175,-93.913086,0.10199105,16.71603,-0.47099495,-7.7552238,0.10092887,1.0,1.3842485,0.0,-35.322083,-93.500656,0.7034231,-35.04925,-93.43494,0.15131989,0.008086850357055664,16039.247853040695,715000
16.181791,-0.44216454,-7.6708183,0.07982756,1.0,1.0686898,0.0,-33.513515,-93.48637,2.5597107,-3.286062,55.296562,0.7559275,-33.22964,-93.42562,0.08957859,22.036715,-0.48019177,-7.7297993,0.09457283,1.0,1.3172896,0.0,-35.361946,-93.57492,0.88688016,-35.025414,-93.49199,0.14069873,0.00836827917098999,16081.089251041412,720000
15.956438,-0.47167107,-7.6455374,0.073507324,1.0,1.0796759,0.0,-35.30029,-93.3857,1.5687395,-5.315606,48.617798,0.6520222,-34.970608,-93.29071,0.07712464,22.804344,-0.5176366,-7.768325,0.10420421,1.0,2.041195,0.0,-35.469063,-93.82728,0.9864247,-35.225426,-93.76457,0.139192,0.008303287267684936,16122.605690956116,725000
8.126816,-0.71866333,-7.661522,0.07750343,1.0,1.3939478,0.0,-34.51677,-93.61241,1.8484788,-4.56121,55.967804,0.45022744,-34.188828,-93.53544,0.11773962,12.769798,-0.8197915,-7.7503595,0.099712804,1.0,1.5092729,0.0,-37.048622,-93.47374,0.5706217,-36.764885,-93.394684,0.15957567,0.008163368940353393,16163.422544002533,730000
13.514121,-0.46618596,-7.660508,0.077249944,1.0,1.4608537,0.0,-34.985516,-93.69937,4.1133995,-4.5913787,65.28147,0.82435197,-34.716156,-93.63649,0.07969986,24.532856,-0.4354415,-7.7590394,0.10188276,1.0,1.7521421,0.0,-35.598774,-93.6597,1.0503628,-35.316685,-93.60055,0.18165159,0.00802340202331543,16203.539557695389,735000
15.021587,-0.4996031,-7.661731,0.07755561,1.0,1.4944253,0.0,-36.076374,-94.265495,8.166624,-7.5991597,77.361916,0.65456426,-35.787003,-94.20767,0.11089064,13.8564205,-0.69994843,-7.742685,0.097794235,1.0,1.7807391,0.0,-33.17973,-93.01509,0.98340726,-32.880974,-92.88661,0.23874551,0.008078939199447632,16243.934258937836,740000
14.425706,-0.3999763,-7.6493845,0.07446909,1.0,1.2162967,0.0,-37.64907,-93.625175,2.6900506,-4.2993546,71.826546,0.55372274,-37.39789,-93.561134,0.13654746,20.164007,-0.54221493,-7.77021,0.104675464,1.0,1.5235915,0.0,-35.430157,-92.96218,0.5178834,-35.141727,-92.89054,0.23191415,0.007714218616485595,16282.505355358124,745000
11.6460085,-0.69246554,-7.666115,0.0786517,1.0,1.3066199,0.0,-35.25867,-93.64405,3.3966312,-7.291889,73.39252,0.6593994,-34.937466,-93.55455,0.10828549,18.44335,-0.7055292,-7.7536283,0.10053004,1.0,1.6112494,0.0,-34.196983,-93.16997,0.88551193,-33.929398,-93.05551,0.15973535,0.006219465780258179,16313.602687835693,750000
11.078535,-0.6065331,-7.6688757,0.0793419,1.0,1.0479801,0.0,-35.58448,-93.79386,3.0454347,-5.297118,51.206085,0.5236473,-35.338894,-93.78042,0.09891519,22.42692,-0.6684226,-7.739914,0.09710151,1.0,1.6505272,0.0,-34.70974,-93.47565,0.8357899,-34.452606,-93.36706,0.1255346,0.005995168972015381,16343.57853603363,755000
16.101418,-0.5805734,-7.6519012,0.07509834,1.0,1.4125468,0.0,-35.61564,-93.73924,2.6525874,-5.161295,67.098526,0.64472455,-35.288025,-93.6466,0.11038831,18.946201,-0.61732554,-7.725651,0.09353568,1.0,1.1747305,0.0,-33.424885,-93.63582,0.7115248,-33.187366,-93.57138,0.09658739,0.00606224250793457,16373.889751672745,760000
16.502953,-0.61418784,-7.656706,0.0762994,1.0,1.1738598,0.0,-34.165756,-93.05121,5.4180036,-6.9673705,66.42292,0.49335325,-33.875736,-92.96581,0.11438227,21.580585,-0.4886247,-7.7716484,0.10503509,1.0,2.0144458,0.0,-35.251274,-93.38308,0.82781005,-34.96952,-93.336624,0.28682587,0.006091789102554321,16404.348701953888,765000
10.814972,-0.57108355,-7.659871,0.07709076,1.0,1.3988502,0.0,-36.029358,-93.86324,2.4808965,-3.367816,47.988552,0.79132533,-35.698524,-93.8006,0.10358284,15.577936,-0.5772614,-7.7395487,0.09701019,1.0,1.3553176,0.0,-36.118908,-93.62718,0.7534513,-35.85118,-93.56332,0.23073044,0.006000910615921021,16434.35325741768,770000
26.154558,-0.3127956,-7.6524897,0.0752454,1.0,1.1636465,0.0,-36.14214,-94.08898,3.550074,-5.230431,101.490074,0.5593425,-35.878853,-94.0635,0.12684608,17.229414,-0.6031285,-7.7538853,0.10059434,1.0,1.3868448,0.0,-34.994064,-93.70571,0.85811913,-34.73255,-93.6425,0.15268973,0.005971663427352905,16464.211577892303,775000
10.874552,-0.61612475,-7.6544924,0.075746045,1.0,1.1145012,0.0,-35.178627,-93.98763,2.476796,-3.6385612,54.27239,0.5055377,-34.9536,-93.9097,0.12505281,14.886729,-0.666641,-7.7484736,0.09924138,1.0,1.6168103,0.0,-36.448566,-93.930984,1.0740292,-36.160374,-93.86877,0.13677636,0.005986939668655395,16494.146280050278,780000
17.090706,-0.41938078,-7.660671,0.0772907,1.0,1.2535807,0.0,-35.66727,-93.85559,4.3718815,-4.0822587,71.186646,0.37351772,-35.362877,-93.79385,0.12158972,17.24981,-0.49456394,-7.745987,0.098619744,1.0,1.3628266,0.0,-36.53626,-93.10108,0.88953197,-36.230824,-93.03372,0.15894492,0.006006904077529907,16524.18080306053,785000
16.67232,-0.5547929,-7.6436806,0.07304299,1.0,1.4360971,0.0,-34.60498,-93.55618,3.5692708,-3.0340834,50.190304,0.5710075,-34.329727,-93.51464,0.108904414,17.204964,-0.68005645,-7.7524633,0.10023876,1.0,1.6729507,0.0,-36.356842,-93.92059,1.1327916,-36.084743,-93.84883,0.12867236,0.005072076559066772,16549.541188955307,790000
14.950323,-0.5838274,-7.663121,0.077903375,1.0,1.017673,0.0,-35.243965,-93.803825,5.661152,-6.933711,65.48408,0.52532315,-34.953278,-93.74759,0.112347156,19.18906,-0.5928098,-7.7686186,0.10427764,1.0,1.4508462,0.0,-35.37535,-92.71069,1.0203786,-35.111794,-92.63839,0.152529,0.004794245958328247,16573.512423038483,795000
16.84077,-0.50357383,-7.6549544,0.07586165,1.0,1.5717947,0.0,-35.173477,-93.39005,6.8577805,-9.3380575,96.48625,0.65213525,-34.81868,-93.324486,0.11101898,14.241652,-0.73813987,-7.744666,0.098289534,1.0,1.9988912,0.0,-33.93935,-93.948746,0.85055214,-33.571014,-93.86282,0.15614758,0.0050526771068573,16598.77581191063,800000
15.868789,-0.61069465,-7.64221,0.072675504,1.0,1.0807202,0.85681033,-36.58846,-93.60022,3.885583,-2.087087,58.140476,0.60210335,-36.328102,-93.5235,0.08583632,12.105884,-0.77013814,-7.7416043,0.09752406,1.0,1.7335935,0.0,-36.089478,-93.74179,0.98434484,-35.753395,-93.88627,0.1764727,0.1554773251056671,17376.1624417305,805000
12.132894,-0.63737583,-7.653103,0.07539862,1.0,1.4634016,0.0,-35.574234,-94.080185,7.620171,-11.578679,104.79028,0.4587494,-35.33432,-94.002335,0.12170282,16.036575,-0.811205,-7.757578,0.10151744,1.0,1.7495234,0.0,-36.220062,-93.64978,0.7194787,-35.97395,-93.58784,0.1386618,0.006154611444473266,17406.935503959656,810000
14.916992,-0.5036503,-7.6698847,0.0795941,1.0,1.2481773,0.0,-36.543465,-93.87955,6.2847986,-5.948441,92.617325,0.6019681,-36.277245,-93.81902,0.105177395,21.444477,-0.5620218,-7.7309647,0.09486404,1.0,1.7022691,0.7659317,-36.56947,-93.9188,0.7817606,-36.282333,-93.70687,0.11531782,0.00663600435256958,17440.115530967712,815000
10.979397,-0.6295383,-7.6481237,0.07415392,1.0,0.8591387,0.0,-36.044483,-94.16669,1.6500722,-7.397649,50.358185,0.73981667,-35.80306,-94.08809,0.08373143,15.659045,-0.55827343,-7.743614,0.098026544,1.0,1.5324267,0.0,-34.882114,-93.88953,1.0093923,-34.62657,-93.815254,0.11460237,0.006520483684539795,17472.71795153618,820000
9.646871,-0.60848606,-7.6664553,0.07873689,1.0,1.3682956,0.0,-35.801956,-93.47147,4.175023,-3.0662744,54.144863,0.8407094,-35.492245,-93.419815,0.110825256,12.932913,-0.62129426,-7.7314124,0.09497607,1.0,2.0804095,0.0,-34.127132,-93.00896,1.2215211,-33.827953,-92.93994,0.1605477,0.006862650918960571,17507.03122496605,825000
8.551653,-0.7934227,-7.6255393,0.068507865,1.0,1.5589957,0.0,-36.235275,-93.6322,5.7039547,-6.9156423,96.042725,1.3086686,-35.929832,-93.5676,0.118209876,17.784546,-0.7123764,-7.757822,0.10157853,1.0,1.5807837,0.0,-35.904434,-93.874626,0.46860206,-35.606144,-93.81059,0.17784753,0.006757532930374146,17540.81889486313,830000
15.94566,-0.4572283,-7.638047,0.07163477,1.0,1.1797938,0.0,-34.25123,-93.863335,4.2111025,-3.1579697,54.382236,0.774227,-33.99231,-93.8036,0.100574665,17.240326,-0.5524696,-7.732936,0.09535688,1.0,1.5508262,0.0,-37.525578,-93.6563,0.5010806,-37.237175,-93.58823,0.13713229,0.006882151031494141,17575.229654550552,835000
13.008579,-0.6354208,-7.659503,0.0769987,1.0,1.2188323,0.0,-35.612434,-93.66818,8.557908,-3.4103136,68.28795,1.2136512,-35.337036,-93.514275,0.14865583,18.180157,-0.63526404,-7.743127,0.0979047,1.0,1.4630196,0.0,-35.48725,-93.55553,0.8388126,-35.192223,-93.489555,0.14925946,0.0068687213420867916,17609.573266267776,840000
20.903236,-0.40156746,-7.6655674,0.07851483,1.0,1.2929515,0.0,-35.791588,-93.701836,2.6599555,-2.9987261,67.237656,0.6765329,-35.48728,-93.638115,0.1088688,15.8158,-0.52961224,-7.747654,0.09903638,1.0,1.5680742,0.085063696,-35.920918,-94.152214,1.5582209,-35.634346,-94.10282,0.14730507,0.004747065830230713,17633.308603048325,845000
11.714699,-0.5416955,-7.6581774,0.07666732,1.0,1.3637627,0.0,-36.15696,-93.449715,2.2757676,-1.937949,46.675125,0.39129674,-35.838585,-93.41216,0.13825843,10.423559,-0.6516352,-7.763934,0.10310657,1.0,1.6027985,0.0,-35.400414,-93.95796,0.6168911,-35.140884,-93.90463,0.14570913,0.005383043766021728,17660.223824739456,850000
10.721297,-0.65481174,-7.653376,0.07546709,1.0,1.0675342,0.0,-35.931778,-94.177376,1.2255754,-1.9078456,34.882195,0.6258731,-35.62485,-94.12543,0.09083273,12.773887,-0.8682281,-7.738758,0.09681238,1.0,1.8394086,0.0,-35.28796,-93.46322,0.96431524,-34.962807,-93.418304,0.19762784,0.005556056547164917,17688.004109859467,855000
7.8042583,-0.6178661,-7.6466746,0.07379166,1.0,1.1061502,0.0,-36.450176,-93.94892,2.2783701,-3.552435,51.11488,0.79672337,-36.146263,-93.88721,0.10856354,8.856249,-0.6950473,-7.7476883,0.09904494,1.0,1.2774417,0.0,-34.71735,-93.50255,0.5702342,-34.423927,-93.43758,0.11331545,0.005266420221328736,17714.33621406555,860000
4.153716,-0.8455186,-7.6637816,0.07806842,1.0,2.0076704,0.0,-35.0315,-93.60658,11.968825,-8.63618,112.18748,0.67452997,-34.748238,-93.56295,0.11268979,18.716337,-0.65078294,-7.751112,0.09990099,1.0,1.875875,0.0,-34.26009,-93.808914,0.9113976,-33.965492,-93.7469,0.18078728,0.005413403797149659,17741.403235912323,865000
11.968455,-0.5006973,-7.624984,0.0683689,1.0,1.0711904,0.0,-36.40208,-93.91327,1.5369316,-1.9637157,47.965393,0.58441997,-36.082085,-93.84359,0.12789087,16.472038,-0.54927814,-7.7377033,0.096548796,1.0,1.4016693,0.0,-35.109436,-93.83881,0.6280793,-34.801964,-93.77661,0.12973593,0.005083178281784058,17766.819130659103,870000
14.557868,-0.49719766,-7.6539335,0.0756063,1.0,1.1683018,0.0,-34.098095,-94.19811,3.8964293,-2.9526556,67.8329,0.60018945,-33.78037,-94.14384,0.14527068,27.027905,-0.32578054,-7.759894,0.10209639,1.0,1.6164906,0.0,-35.016464,-93.30048,0.6835037,-34.730522,-93.23337,0.119171575,0.005444231605529785,17794.040292978287,875000
10.290091,-0.5566753,-7.646679,0.07379264,1.0,1.0272684,0.0,-35.472424,-94.028336,3.0715926,-3.20342,46.629845,0.47833425,-35.193928,-93.97822,0.118446864,16.776997,-0.6465206,-7.7154784,0.090992585,1.0,1.745738,0.0,-34.37346,-93.09557,1.7256241,-34.049816,-93.07311,0.29395524,0.0052867895603179935,17820.474244117737,880000
13.130669,-0.5469358,-7.6382895,0.07169533,1.0,1.5304947,0.0,-35.414524,-93.87521,8.124001,-8.089825,92.0374,0.7797104,-35.10313,-93.82542,0.18366787,14.871455,-0.64069605,-7.751995,0.10012178,1.0,1.6244165,0.0,-34.80635,-93.481346,0.8126946,-34.509834,-93.41144,0.1361982,0.005499191951751709,17847.970206975937,885000
20.56155,-0.5175286,-7.641343,0.07245875,1.0,1.1495286,0.0,-36.716118,-93.93199,5.676738,-5.0578904,70.91105,0.45646396,-36.473778,-93.86952,0.107843064,22.511497,-0.46621966,-7.7360315,0.09613078,1.0,1.7741107,0.0,-35.83946,-93.35262,0.674613,-35.610943,-93.285385,0.117281385,0.005146414518356323,17873.702282190323,890000
13.763814,-0.58052015,-7.6494756,0.07449192,1.0,1.1354386,0.0,-33.842064,-93.79921,4.936107,-6.549755,59.342922,0.7043338,-33.53064,-93.74591,0.108567834,16.245096,-0.77096057,-7.749236,0.0994319,1.0,1.2958496,0.0,-36.199425,-93.430466,1.3127508,-35.889244,-93.09856,0.14040253,0.0053620179176330565,17900.51237630844,895000
10.300965,-0.66788554,-7.6563663,0.07621447,1.0,1.0773239,0.0,-36.78512,-93.2483,2.8815863,-3.5558696,47.102917,0.8015803,-36.481533,-93.27453,0.10825643,14.270906,-0.69834423,-7.750244,0.09968404,1.0,1.3867772,0.0,-35.30506,-93.713196,0.61942935,-35.03705,-93.6497,0.19103315,0.005322892808914185,17927.12684559822,900000
10.167339,-0.6616242,-7.644871,0.07334075,1.0,0.98392254,0.0,-33.932228,-94.0493,1.7031434,-1.1361763,42.36211,0.4844682,-33.617027,-93.986916,0.09615325,19.108276,-0.7449764,-7.7549634,0.100863814,1.0,2.001083,0.0,-35.580605,-93.11209,0.6139507,-35.30563,-93.005394,0.15022902,0.1019087938785553,18436.670816898346,905000
15.151662,-0.4342469,-7.652013,0.07512621,1.0,1.5562197,0.0,-32.350754,-93.4977,8.39427,-7.8617535,85.31582,0.5892444,-32.095116,-93.41008,0.107454404,22.071188,-0.4599361,-7.740865,0.09733929,1.0,1.6139958,0.0,-36.48224,-93.98206,0.5894846,-36.15544,-93.91995,0.15140244,0.004813237953186035,18460.737008333206,910000
7.2257257,-0.6945251,-7.643407,0.07297474,1.0,1.1565187,0.0,-34.960968,-93.49112,4.905923,-14.275364,64.10816,0.64911896,-34.7155,-93.426285,0.11061223,11.900215,-0.740694,-7.7296333,0.0945313,1.0,1.8017939,0.0,-33.979332,-93.67724,0.5054053,-33.68085,-93.71947,0.17413276,0.004813642597198486,18484.80522608757,915000
9.170298,-0.724902,-7.665154,0.07841144,1.0,1.3019862,0.0,-35.540035,-93.74794,5.0028896,-8.780369,93.986404,0.7135394,-35.241585,-93.684204,0.1601122,7.752602,-0.8863824,-7.7487593,0.099312805,1.0,1.6238692,0.0,-36.45512,-93.58193,0.66638285,-36.1277,-93.42463,0.1480651,0.0057516318798065185,18513.56338787079,920000
10.29793,-0.5586412,-7.6602144,0.07717658,1.0,0.9434734,0.0,-34.273087,-93.68941,1.9813062,-2.1582403,45.887363,0.9041778,-33.980118,-93.609856,0.10482471,13.774868,-0.6249686,-7.752846,0.100334376,1.0,1.4372284,0.0,-34.753967,-93.972084,0.71760976,-34.506477,-93.91081,0.13190067,0.005478854846954346,18540.957672834396,925000
10.752481,-0.5926994,-7.653941,0.07560822,1.0,1.2081728,0.0,-34.911602,-93.66136,9.269164,-4.184483,47.998993,0.7660412,-34.65568,-93.494644,0.11656058,22.091364,-0.5798079,-7.730749,0.09481017,1.0,1.5336745,0.0,-36.224743,-93.77126,0.48373488,-35.95624,-93.71277,0.1340456,0.006360332489013672,18572.759339809418,930000
13.213494,-0.6172086,-7.6515384,0.075007536,1.0,1.5613211,0.0,-37.099533,-94.00483,3.6068468,-6.745474,56.898838,0.7100726,-36.804413,-93.945244,0.21523753,15.086804,-0.6631504,-7.7686825,0.10429361,1.0,2.1582196,0.0,-34.359528,-93.8395,0.6554829,-34.03604,-93.781784,0.1693131,0.005552571630477905,18600.522199869156,935000
8.782264,-0.5948612,-7.633769,0.070565194,1.0,1.0876468,0.0,-35.841816,-93.517166,2.013784,-2.0035174,41.277935,0.6153368,-35.54956,-93.40927,0.07784,16.614857,-0.67796665,-7.764304,0.10319902,1.0,1.7290593,0.0,-33.61726,-93.27768,0.9021555,-33.3472,-93.21081,0.24259517,0.005041526460647583,18625.729833602905,940000
14.806597,-0.6171675,-7.6346397,0.07078291,1.0,1.4365652,0.0,-37.292244,-94.183205,6.7358346,-7.3214617,96.604324,0.78962827,-36.97225,-94.125244,0.12985773,14.135925,-0.78784454,-7.7232866,0.09294467,1.0,2.0688443,0.0,-35.459335,-93.85935,1.1464225,-35.182148,-93.761505,0.12567957,0.004332775115966797,18647.393710374832,945000
18.27211,-0.4142131,-7.638142,0.07165847,1.0,1.1607578,0.0,-33.90796,-94.04102,2.405512,-2.7798517,66.57488,0.5339884,-33.62979,-93.99346,0.10509907,29.02004,-0.42389017,-7.759083,0.10189369,1.0,1.5136058,0.16755044,-35.034966,-93.58066,0.99272615,-34.778603,-93.53715,0.14847405,0.005062610292434692,18672.70676612854,950000
10.906491,-0.5509054,-7.629352,0.06946105,1.0,1.0844228,0.0,-36.282143,-94.01108,2.9358284,-2.8362246,42.27721,0.67402315,-36.021767,-93.95118,0.100492865,14.575752,-0.60462224,-7.726328,0.09370485,1.0,1.9186888,0.0,-35.81627,-93.22572,0.47742411,-35.53415,-93.15913,0.18914539,0.005253599977493286,18698.975334882736,955000
9.329451,-0.75828373,-7.6382694,0.07169028,1.0,1.1680607,0.0,-34.049698,-93.968315,4.7642455,-2.5627923,71.33433,0.5747302,-33.811363,-93.906456,0.095463656,12.360233,-0.9002799,-7.741196,0.09742208,1.0,1.3966081,0.0,-35.216198,-92.95377,0.82510066,-34.968582,-92.79057,0.12811774,0.004991691446304321,18723.933795928955,960000
14.814777,-0.6068369,-7.6314306,0.06998057,1.0,1.3284953,0.0,-36.194687,-93.82512,18.319845,-40.7943,135.96138,0.5498624,-35.910408,-93.76016,0.12060576,14.683517,-0.726646,-7.7422566,0.09768714,1.0,2.002759,0.0,-34.4497,-94.00729,1.0550482,-34.130585,-93.96021,0.14752293,0.005128191232681274,18749.574758291245,965000
15.838911,-0.52591205,-7.6428127,0.07282615,1.0,1.4858627,0.0,-34.132317,-93.66489,23.523643,-6.2512345,116.407745,0.7203511,-33.79022,-93.60186,0.16887833,19.511692,-0.58547026,-7.723668,0.09303997,1.0,1.8239565,0.06950629,-34.876144,-94.007416,0.7061886,-34.6139,-93.953735,0.14857297,0.0053231183052062985,18776.190351963043,970000
13.378764,-0.78063494,-7.639244,0.071934074,1.0,1.2544069,0.0,-34.265785,-93.706085,4.0815787,-8.655138,85.10582,0.7817842,-33.94308,-93.62874,0.12566665,5.01678,-0.9606858,-7.7074785,0.088992685,1.0,1.7616514,0.0,-35.686054,-93.855515,0.5948775,-35.430748,-93.793526,0.11813383,0.005233790922164917,18802.35931110382,975000
8.960995,-0.69209784,-7.6446433,0.07328375,1.0,1.3750616,0.0,-34.029716,-94.095055,3.2490523,-2.5192375,60.36163,0.8980839,-33.759415,-94.03312,0.14343259,12.89375,-0.6786217,-7.729928,0.09460507,1.0,1.9089838,0.0,-36.774925,-93.89959,0.9050603,-36.493042,-93.838066,0.14642712,0.005156857538223266,18828.143601179123,980000
9.484257,-0.63934624,-7.646783,0.07381874,1.0,1.0699064,0.0,-35.741695,-93.492645,5.054865,-3.3048732,60.37007,0.8076131,-35.424316,-93.42638,0.13626078,11.959406,-0.76129186,-7.734935,0.095856585,1.0,1.0905788,0.0,-35.646515,-93.79371,0.9414278,-35.358818,-93.79039,0.16664839,0.0048931064128875735,18852.609136343002,985000
8.506979,-0.69342816,-7.6461873,0.0736698,1.0,1.0033467,0.0,-33.200386,-93.78157,3.0846198,-2.2973108,50.157932,0.5380838,-32.920284,-93.707,0.10693142,10.98653,-0.7920119,-7.7283454,0.09420921,1.0,2.0976534,0.0,-35.088543,-93.87032,0.45938233,-34.78505,-93.692276,0.14540105,0.004794139575958252,18876.579838752747,990000
8.041462,-0.71499705,-7.6320724,0.07014105,1.0,1.2519495,0.0,-35.17288,-93.606926,3.5123074,-5.3000937,56.558598,0.52026653,-34.883972,-93.5328,0.0954138,12.4628,-0.6865147,-7.7491245,0.09940421,1.0,1.1053114,0.0,-37.84741,-93.58781,0.6913631,-37.595573,-93.51861,0.16327682,0.005016103172302246,18901.660357236862,995000
11.968137,-0.54295737,-7.6474795,0.07399284,1.0,1.2852346,0.0,-35.34533,-93.95987,6.117266,-4.5456805,60.67635,0.44950068,-35.063915,-93.92759,0.12275078,19.0774,-0.6085304,-7.7464795,0.098742776,1.0,1.747637,0.0,-34.366615,-94.1059,1.0923877,-34.06697,-94.03595,0.1257605,0.005068754625320434,18927.00413417816,1000000
