training/actor/actor_loss,training/actor/adv,training/actor/bc_log_prob,training/actor/mse,training/actor/std,training/grad/max,training/grad/min,training/grad/norm,training/value/d_neg_loss,training/value/d_neg_max,training/value/d_neg_mean,training/value/d_neg_min,training/value/d_pos_loss,training/value/d_pos_max,training/value/d_pos_mean,training/value/d_pos_min,training/value/lam,training/value/lam_loss,training/value/total_loss,training/value/value_loss,validation/actor/actor_loss,validation/actor/adv,validation/actor/bc_log_prob,validation/actor/mse,validation/actor/std,validation/value/d_neg_loss,validation/value/d_neg_max,validation/value/d_neg_mean,validation/value/d_neg_min,validation/value/d_pos_loss,validation/value/d_pos_max,validation/value/d_pos_mean,validation/value/d_pos_min,validation/value/lam,validation/value/lam_loss,validation/value/total_loss,validation/value/value_loss,time/epoch_time,time/total_time,step
296.16745,0.025065137,-9.704004,0.5881239,1.0,23.232208,-145.3318,1186.5579,481.2934,30.829102,19.52327,6.1959486,145.3818,27.814384,12.029524,0.017035691,1.0,-145.3318,481.34338,626.6752,263.01413,0.058183417,-9.603661,0.5630379,1.0,483.84564,27.726837,16.95045,4.0313153,104.517105,28.039085,10.007724,0.08200443,1.0003,-104.49844,483.89566,588.3941,0.004506739759445191,22.533700942993164,1
332.77124,0.72333515,-8.89156,0.3850129,1.0,363.51175,-359.34317,3301.7925,102.54458,1436.6895,597.1454,4.5195293,11.343552,14.244266,3.1206045,0.0037672997,4.9874463,-56.32598,102.79395,159.11993,345.7656,0.89385873,-8.909887,0.3895949,1.0,94.65059,1444.9885,610.4232,5.2793775,10.708511,14.93881,3.0102363,0.027397124,4.98909,-53.17627,94.900055,148.07632,0.21957651710510254,1120.4162888526917,5000
250.30373,0.49330646,-8.85508,0.37589288,1.0,314.5904,-419.6594,2564.6082,163.54944,943.78625,409.47046,0.65877193,2.4949694,9.6813345,1.6438744,0.006972178,24.282866,-59.370865,164.76358,224.13445,251.17625,0.59689975,-8.842442,0.3727332,1.0,165.09409,913.1658,404.3099,0.98763716,2.769971,7.8635426,1.6702801,0.014252815,24.290056,-66.068245,166.3086,232.37683,0.2156628966331482,2198.7307739257812,10000
173.99954,0.28353077,-8.877251,0.38143545,1.0,382.54865,-300.87582,2240.3696,274.88025,585.0926,238.60204,1.336342,0.58980995,4.678328,1.0454674,0.0075552105,105.64267,-57.026962,280.16235,337.18933,177.3064,0.36243924,-8.822964,0.36786407,1.0,272.3379,549.8018,241.57353,0.56022626,0.5876781,4.814636,1.0364802,0.006984093,105.67058,-56.816753,277.62143,334.43817,0.11309402441978454,2764.2008979320526,15000
111.07947,0.2269235,-8.8395195,0.37200293,1.0,140.1353,-180.63316,1452.924,348.80948,395.01678,155.5965,0.81965,0.098119244,2.8727276,0.71991175,0.0046384446,341.2196,-16.41923,365.87045,382.28967,105.0338,0.20304936,-8.86298,0.37786782,1.0,346.97903,386.86218,157.53757,0.21855344,0.10805557,3.2141345,0.7146414,0.0048858523,341.2907,-19.813826,364.04358,383.8574,0.009180222606658935,2810.10201215744,20000
79.13368,0.17417575,-8.828081,0.3691432,1.0,127.96178,-185.68213,1405.6335,373.73444,333.87726,129.36044,1.793613,0.04868767,2.7914128,0.6398339,0.005164597,489.2999,0.6421231,398.19943,397.5573,77.77335,0.17500946,-8.835695,0.37104696,1.0,370.56824,316.35748,132.62001,1.7461965,0.0492947,2.3138413,0.64232063,0.0058855843,489.29593,0.34510127,395.03302,394.68793,0.1121492597103119,3370.848314523697,25000
55.605263,0.12712966,-8.855856,0.37608713,1.0,184.4319,-255.77594,1549.5111,385.31982,270.47028,117.25281,0.46901792,0.037255265,3.1206021,0.5881456,0.0038145436,519.38055,6.619368,411.28885,404.6695,64.86496,0.13672133,-8.8436775,0.37304235,1.0,384.01636,262.97375,118.59257,1.2035595,0.04358448,2.5368702,0.59474224,0.000358074,519.2956,3.331551,409.98114,406.6496,0.005991389656066894,3400.805267572403,30000
60.931087,0.14130878,-8.857138,0.3764076,1.0,81.99789,-51.794147,609.0628,392.20953,257.58337,110.20022,1.4730814,0.040022746,2.660945,0.62590444,0.0013795608,525.4648,5.2426963,418.4828,413.24008,60.06783,0.14082599,-8.84683,0.37383044,1.0,392.03186,254.6023,110.37275,0.10815661,0.036097728,2.1917408,0.6126505,0.004207445,525.4227,7.30457,418.30298,410.9984,0.11953050808906555,3998.4578111171722,35000
79.02159,0.19175819,-8.85453,0.37575552,1.0,130.03838,-81.07623,937.5577,369.39142,327.68927,133.906,0.6179016,0.047186982,2.3512049,0.6180355,0.0015177801,500.9563,1.4091995,394.43924,393.03003,71.20473,0.12331836,-8.855828,0.37607998,1.0,365.19214,319.6949,138.196,1.6285746,0.04536607,2.4050856,0.6070474,0.0066410806,500.95078,2.3213706,390.2397,387.9183,0.005455063772201538,4025.7331314086914,40000
76.98154,0.12801959,-8.817446,0.3664844,1.0,172.10605,-228.20097,1230.3335,359.4673,340.1353,144.17952,0.68351454,0.05207859,2.6685297,0.63575643,0.0017245028,519.6828,-1.080207,385.45145,386.53165,72.260574,0.1676752,-8.8973675,0.38646472,1.0,359.16565,361.70685,144.60667,0.5747714,0.03653504,2.2608356,0.6043932,0.003648168,519.72144,6.9980288,385.1517,378.1537,0.11639775075912476,4607.721888542175,45000
76.794495,0.13789344,-8.832646,0.37028474,1.0,327.68793,-482.31073,2141.658,361.8841,342.40814,141.82922,1.4652041,0.057363585,2.5335279,0.634779,0.0013265344,515.20776,-3.7937756,387.6445,391.43826,83.448395,0.15151763,-8.819572,0.36701596,1.0,362.8617,345.9823,140.78586,0.091368474,0.06205541,2.6008217,0.6401447,0.0019043653,515.2213,-6.211203,388.62274,394.83395,0.009182582759857177,4653.634804964066,50000
77.4096,0.118334174,-8.857991,0.37662068,1.0,199.17192,-169.5163,1337.2036,365.68628,338.96198,137.84003,1.143037,0.048552502,2.3613675,0.5991469,0.00096279173,519.71326,0.7522843,391.67194,390.91965,73.82042,0.13622782,-8.839302,0.3719483,1.0,362.06226,343.462,141.5633,0.62669325,0.041879784,2.3642776,0.5936997,0.0025695227,519.7222,4.220257,388.04837,383.82812,0.13459241390228271,5326.596878051758,55000
80.1673,0.16368487,-8.845718,0.3735525,1.0,112.903275,-151.58452,1063.6362,363.24847,348.90262,140.37595,0.6656109,0.05500578,2.7483351,0.6072071,0.0038656015,524.67834,-2.6264248,389.4824,392.10883,80.687744,0.1735274,-8.886627,0.38377982,1.0,364.10574,340.47415,139.38777,0.5635206,0.042668667,2.3224971,0.6060607,0.0019488364,524.66986,3.84653,390.33923,386.4927,0.009182303953170776,5372.508399963379,60000
82.36653,0.17373773,-8.843703,0.37304872,1.0,366.19434,-200.91284,1412.8824,360.9947,339.0442,142.70914,0.9063358,0.051940616,2.78504,0.64149296,0.0012085061,525.9308,-1.0206294,387.29123,388.31186,76.60867,0.18622196,-8.850074,0.3746414,1.0,357.9074,350.97885,145.83511,0.30453277,0.042107254,2.536374,0.60964674,0.0041409326,525.9581,4.151254,384.20532,380.05408,0.009185866928100585,5418.437736034393,65000
81.40386,0.20670988,-8.851347,0.37495962,1.0,205.60873,-157.35683,994.9107,359.10794,352.94083,144.7052,0.15509431,0.048814677,2.4551108,0.62098867,0.00078686164,521.5646,0.618223,385.18616,384.56793,84.27113,0.17736265,-8.8152075,0.36592484,1.0,360.2136,363.4107,143.55814,0.33533925,0.052020233,2.2933857,0.6295159,0.0015052578,521.57153,-1.0536957,386.29218,387.34586,0.009227549600601197,5464.575485944748,70000
74.420525,0.14427345,-8.838007,0.37162465,1.0,153.67503,-237.67776,1123.8359,359.64862,337.92282,144.16911,0.2840529,0.047138695,2.6395233,0.6028557,0.0028008928,526.28754,1.5058697,385.96298,384.45712,86.90591,0.18886656,-8.867501,0.37899822,1.0,363.85532,356.34653,139.64352,1.4622526,0.05197715,2.5438347,0.62531507,0.0026146942,526.3028,-1.0405792,390.17044,391.21103,0.007016245603561401,5499.656715393066,75000
82.89221,0.17608346,-8.827618,0.36902755,1.0,266.19757,-160.95929,1089.7362,360.24567,360.39526,143.44098,0.094084986,0.053960793,2.5492504,0.62648016,0.0010988512,529.8151,-2.0984874,386.73642,388.8349,84.604645,0.17191249,-8.817595,0.36652172,1.0,361.19165,372.37952,142.54175,1e-06,0.055894844,2.6257114,0.6465812,0.0045458116,529.81915,-3.123201,387.68262,390.80582,0.14939049501419066,6246.609192371368,80000
79.171936,0.15594672,-8.862406,0.37772432,1.0,131.76338,-267.1692,1017.1698,359.39026,360.8366,144.39813,0.2789017,0.05522809,2.6671164,0.62846524,0.001699124,531.5199,-2.7788343,385.96625,388.7451,73.44954,0.1542217,-8.872968,0.3803649,1.0,359.27094,337.37415,144.49959,0.4268808,0.03692969,2.4404802,0.60612255,0.0018069532,531.5171,6.947094,385.84677,378.8997,0.008422337675094604,6288.720883131027,85000
73.71359,0.14035662,-8.827282,0.36894342,1.0,124.89195,-201.54803,1075.6029,357.94702,368.57834,145.85117,0.8166785,0.04989074,2.5348089,0.62632674,0.0011545707,532.72107,0.05820459,384.58307,384.52487,89.69494,0.19538136,-8.824989,0.3683702,1.0,353.59534,404.85324,150.42484,0.12400091,0.056371517,2.346123,0.62714756,0.0017084598,532.67865,-3.393971,380.22925,383.62323,0.0054722249984741215,6316.0820100307465,90000
71.437744,0.13447365,-8.82986,0.36958796,1.0,193.9528,-303.92587,1366.737,356.4333,385.89447,147.57375,1.1683893,0.051309057,2.8455098,0.61458975,0.0009393139,531.93646,-0.69633454,383.03012,383.72644,80.38913,0.15521592,-8.85197,0.37511536,1.0,354.70673,352.7171,149.22745,0.20161729,0.054900624,2.5649552,0.63188374,0.00061373896,531.92633,-2.6067705,381.30304,383.90982,0.0054781764984130855,6343.472894191742,95000
79.45824,0.14513077,-8.83615,0.3711605,1.0,159.71405,-208.32655,1120.5177,359.29767,483.2592,144.75352,0.40204984,0.058688134,2.493803,0.6528163,0.0035614155,532.75336,-4.628632,385.93533,390.56396,71.996635,0.1389282,-8.890086,0.3846445,1.0,351.95532,501.0565,152.29611,1.7586449,0.038438547,2.2837777,0.60548484,0.002719546,532.7686,6.1595793,378.59375,372.43417,0.005483444595336914,6370.890118837357,100000
72.46029,0.1387893,-8.847958,0.37411234,1.0,204.80675,-148.15228,952.2572,358.6641,512.38544,145.40656,0.23145792,0.05140166,2.528673,0.61884063,0.0008679701,535.4823,-0.7505636,385.43823,386.18878,70.758995,0.16559033,-8.839354,0.3719614,1.0,355.7481,500.06207,148.51575,0.88021505,0.039297808,2.1976502,0.5977336,0.0022103966,535.47235,5.730728,382.52173,376.791,0.16379970684051515,7189.888654947281,105000
66.83355,0.1365565,-8.840099,0.37214783,1.0,342.283,-369.04532,1528.4031,357.8496,517.0038,146.34042,1.2893913,0.044056706,2.6171138,0.6046909,0.0012109713,545.80554,3.2438831,385.1399,381.896,73.47902,0.15219453,-8.857212,0.37642586,1.0,359.0141,524.28375,145.2379,1.3374544,0.041320838,2.5758414,0.6221282,0.0044660512,545.7894,4.736995,386.3036,381.5666,0.01224110050201416,7251.094159126282,110000
86.17514,0.17715247,-8.7646885,0.35329503,1.0,243.90239,-225.88066,1583.0736,351.7046,675.03625,154.27197,0.37124777,0.06644973,2.9339843,0.6434503,0.0011033434,540.51605,-8.891343,378.73038,387.62173,78.8152,0.1436094,-8.865334,0.3784564,1.0,353.63135,628.66504,151.59146,0.40264452,0.050748184,3.126296,0.6323944,0.0013894952,540.53436,-0.40441895,380.65808,381.0625,0.009186753702163696,7297.027929067612,115000
77.11423,0.121359855,-8.786554,0.35876167,1.0,264.2026,-283.9402,1260.3702,352.24777,717.1335,153.9808,0.3826923,0.051400892,2.0965867,0.6396593,0.002725033,534.37274,-0.74859834,378.9664,379.715,71.76963,0.12477246,-8.884563,0.383264,1.0,351.7711,700.6421,154.86609,0.6418642,0.051916607,2.9252193,0.6318231,0.00071455335,534.3572,-1.0241522,378.48895,379.5131,0.009211247873306275,7343.084170341492,120000
84.43758,0.18700832,-8.85642,0.37622786,1.0,880.1075,-354.9027,2555.3257,350.43127,677.4289,157.34247,0.3584422,0.05299511,3.2728286,0.627909,0.0010590149,542.7602,-1.625627,377.56927,379.19492,78.58375,0.16376752,-8.854477,0.3757422,1.0,353.15765,704.92755,153.87787,1.0257988,0.044488806,2.2931418,0.6101017,0.0016584327,542.7566,2.9912372,380.2955,377.30426,0.0092103994846344,7389.136172294617,125000
81.69873,0.16854925,-8.845676,0.3735421,1.0,174.40938,-138.17757,787.3578,349.05005,722.885,158.38092,0.53891486,0.04220152,2.2248259,0.6187599,0.0010540939,542.4386,4.2301974,376.17197,371.94177,68.49919,0.12733857,-8.856403,0.37622377,1.0,352.31317,737.30194,154.71463,0.81150943,0.03994763,2.378464,0.6068088,0.00072848913,542.4252,5.4526596,379.43445,373.98178,0.009220907592773437,7435.240711927414,130000
77.92742,0.1596548,-8.860836,0.3773319,1.0,103.46059,-217.7895,833.29364,342.75934,728.1298,166.13153,0.4847663,0.046800964,2.834147,0.6251297,0.0008942557,538.3857,1.7223158,369.67862,367.9563,80.98052,0.1811286,-8.819277,0.3669423,1.0,356.70303,690.5455,150.56659,0.9673824,0.059498414,3.6576798,0.6190159,0.0022951511,538.3864,-5.1138167,383.62234,388.73618,0.009225011444091796,7481.365770578384,135000
74.676865,0.1538986,-8.854223,0.37567896,1.0,185.42487,-128.59029,931.18536,351.65118,679.7142,156.2723,0.36390826,0.048994347,2.8357337,0.61862004,0.001493347,536.8506,0.5398856,378.4937,377.95383,82.984726,0.17321934,-8.840868,0.37233984,1.0,342.03284,733.16583,167.5219,0.48757893,0.049400654,2.3393767,0.6248287,0.0011353481,536.83527,0.32175064,368.8746,368.55286,0.009217529535293579,7527.453420162201,140000
80.87761,0.18455565,-8.799032,0.3618809,1.0,309.8103,-421.85056,1871.6344,348.06372,768.042,160.4533,0.8162763,0.05119938,2.714203,0.6304183,0.001750621,536.68475,-0.64368874,374.89798,375.54166,84.3094,0.1891791,-8.84763,0.37403026,1.0,353.4202,794.19696,154.08592,0.85933965,0.057847466,2.4061089,0.652979,0.0014146478,536.6794,-4.211573,380.25415,384.46573,0.008258625936508179,7568.746551036835,145000
83.13141,0.17294854,-8.847338,0.3739574,1.0,205.10252,-443.09558,1433.4565,347.00507,779.33234,163.4895,2.379716,0.052477024,2.4677703,0.6234486,0.0013126653,530.6682,-1.3144778,373.53848,374.85297,82.96917,0.18197283,-8.818556,0.36676186,1.0,341.27148,756.81976,169.31595,0.57374156,0.052081276,2.6344469,0.63464296,0.0009954509,530.66034,-1.1044501,367.8045,368.90897,0.005474531030654907,7596.119207859039,150000
74.95041,0.15777345,-8.861826,0.37757957,1.0,171.71613,-275.60513,982.6199,344.12408,813.2594,168.2559,1.0296557,0.040617242,2.4080992,0.5991975,0.0020506375,533.5971,5.006613,370.80396,365.79733,72.89317,0.13819194,-8.841265,0.37243915,1.0,344.72464,814.08765,167.24524,1.2851679,0.04141044,2.2482817,0.6095215,0.0010443475,533.58344,4.583248,371.4038,366.82056,0.18225370683670045,8507.387743711472,155000
85.51898,0.18949546,-8.8426895,0.37279546,1.0,157.46753,-147.71696,773.63696,349.49387,748.2079,161.45767,0.65775436,0.044436805,2.405476,0.6293614,0.001436009,540.29785,3.0057828,376.50876,373.503,72.41235,0.17226437,-8.845974,0.37361643,1.0,345.72437,813.9622,164.79494,0.31875417,0.04084388,2.2899344,0.61319506,0.0007356981,540.2906,4.9469647,372.7389,367.79193,0.012909688425064087,8571.936190366745,160000
90.347946,0.21843444,-8.837578,0.37151757,1.0,451.2537,-701.1079,2159.4744,348.56717,816.8045,165.2646,0.9369917,0.058093425,2.9690528,0.66033936,0.0006326257,513.57324,-4.156566,374.24585,378.4024,80.829056,0.16489789,-8.852133,0.3751564,1.0,342.0395,898.8383,170.6115,0.49281526,0.057357278,3.9571643,0.63640356,0.0020804817,513.574,-3.778506,367.7182,371.4967,0.012921952152252197,8636.545952796936,165000
75.34038,0.16015865,-8.828308,0.3691999,1.0,203.81126,-235.70598,994.4763,340.7344,763.8988,170.66798,0.2559957,0.049390577,2.484531,0.6089103,0.00024380772,540.0894,0.32914343,367.73886,367.40973,76.645706,0.17551014,-8.829344,0.3694591,1.0,344.62027,814.6742,166.58218,1.3662765,0.043662567,2.4477777,0.61619925,0.0036886574,540.08636,3.4227617,371.62457,368.2018,0.011940471649169922,8696.248312950134,170000
82.99887,0.18487263,-8.797969,0.36161518,1.0,382.0985,-426.6436,1769.7808,345.11557,827.74225,167.92651,0.71316814,0.061186448,3.4943228,0.64155364,0.0042828275,519.7527,-5.814186,371.1032,376.9174,80.55685,0.19932525,-8.835898,0.37109756,1.0,339.92133,896.2743,174.63292,0.031261776,0.040158875,2.4612236,0.6144216,0.0014932773,519.74945,5.1149197,365.9088,360.79388,0.009218536710739135,8742.341000080109,175000
81.065414,0.18453938,-8.763063,0.352889,1.0,197.92339,-164.5757,876.822,346.14514,837.1563,166.29225,0.42338315,0.047519602,2.4546776,0.63541275,0.0015131508,536.4353,1.3305736,372.9669,371.63632,70.81554,0.114857875,-8.886541,0.38375828,1.0,345.74377,797.4723,166.06369,1.6297303,0.040520094,2.6019976,0.6194289,0.0022012186,536.4261,5.085269,372.56506,367.4798,0.00919139928817749,8788.297998189926,180000
80.24257,0.20085096,-8.844923,0.37335372,1.0,173.19362,-144.00919,817.004,347.41495,826.2433,163.82654,0.4244724,0.042233367,2.6224544,0.61908615,0.0011402003,526.05743,4.0856957,373.7178,369.6321,78.891655,0.17522168,-8.865869,0.3785903,1.0,339.10153,845.87585,175.39832,0.04735955,0.043789025,2.3654616,0.60276306,0.0016717832,526.0434,3.2672427,365.40372,362.13647,0.008397715616226197,8830.28657746315,185000
77.13705,0.15685718,-8.849634,0.37453145,1.0,332.2384,-288.2561,1623.5581,347.57104,833.90564,164.207,0.9419122,0.05053259,3.7657518,0.65588915,0.0023229255,518.57654,-0.2761886,373.49988,373.77606,72.84485,0.15410423,-8.849081,0.37439322,1.0,341.66107,829.018,173.56587,1.0764309,0.0467909,2.4198785,0.6249161,0.0019791988,518.6797,1.6644945,367.59506,365.93057,0.005469354200363159,8857.633350133896,190000
78.7477,0.1882551,-8.801922,0.3626035,1.0,257.1816,-172.65356,1358.133,347.29578,938.9829,168.0774,0.16738981,0.049697984,2.9448557,0.61624026,0.00034585624,514.03284,0.15524653,372.9974,372.84216,75.477356,0.1638926,-8.807816,0.36407685,1.0,342.60025,920.6155,176.7717,1.2221458,0.04755246,2.5037975,0.612588,0.00098515,514.038,1.2581296,368.30212,367.044,0.0054693603992462154,8884.980153560638,195000
67.070625,0.13757016,-8.819765,0.36706442,1.0,121.62561,-88.20019,692.2984,344.9129,898.0387,170.56964,0.13865922,0.04462886,2.5235014,0.6001265,0.002563732,529.3482,2.8432045,371.3803,368.5371,66.74889,0.13347289,-8.862121,0.377653,1.0,340.78314,929.8954,174.67398,0.643173,0.034785543,2.4022539,0.60324305,0.0010744233,529.34265,8.053661,367.25027,359.19662,0.005468254232406616,8912.32142663002,200000
73.19811,0.1158903,-8.84495,0.37336048,1.0,129.27145,-371.49823,1075.7175,345.61435,963.6224,170.72778,0.06532036,0.046859115,2.433092,0.63353074,0.001111815,511.78427,1.6074557,371.20355,369.5961,81.75235,0.18196101,-8.878784,0.381819,1.0,336.02216,879.55676,183.43764,0.51950884,0.052421216,3.363039,0.6394531,0.0039375583,511.8001,-1.2391782,361.61218,362.85135,0.27492953810691834,10286.969118833542,205000
75.04869,0.16082138,-8.807331,0.36395577,1.0,204.96542,-150.01419,882.5314,342.68448,785.3329,170.64325,1.1403242,0.048506185,2.4231653,0.61756814,0.0011571725,537.55475,0.80300754,369.56223,368.75922,81.41881,0.19964692,-8.851878,0.37509266,1.0,343.26202,820.4519,168.02933,0.20845313,0.042519346,2.4037087,0.6283931,0.0010864496,537.55225,4.0212426,370.13965,366.1184,0.012901154518127442,10351.47489476204,210000
74.49803,0.17842194,-8.836065,0.3711394,1.0,313.3148,-322.2072,1253.8732,343.7602,892.3086,173.36966,0.025819829,0.037278593,2.203641,0.61128557,0.00053095905,519.15375,6.604367,369.7179,363.11353,74.44858,0.15836881,-8.862923,0.3778535,1.0,340.2345,888.5533,173.54654,0.92425287,0.043785434,2.4602673,0.6159156,0.0006880259,519.14386,3.226254,366.19168,362.96542,0.012934988164901733,10416.149837493896,215000
80.73282,0.17600417,-8.801516,0.36250168,1.0,266.487,-223.81593,1109.5525,347.04407,881.4852,165.17398,1.9340146,0.0470401,2.306144,0.6415604,0.0014292184,530.20337,1.5693487,373.55423,371.9849,89.510086,0.19584425,-8.817937,0.36660725,1.0,341.76306,919.05005,174.2891,1.0446556,0.062652856,3.8222144,0.65325135,0.0030265443,530.2013,-6.7085605,368.27313,374.9817,0.012941173458099366,10480.855706453323,220000
75.84854,0.15247011,-8.822647,0.36778483,1.0,260.50977,-170.6178,887.89233,340.06085,938.2241,177.58224,1.5411853,0.043006368,2.329555,0.62697065,0.0015950111,511.68152,3.5785127,365.64493,362.0664,78.04796,0.15561965,-8.852226,0.37517935,1.0,341.85016,913.67053,177.24149,0.71686614,0.051837802,2.895358,0.6250205,0.0008252533,511.66248,-0.9403339,367.4333,368.37363,0.011128035068511963,10536.495885848999,225000
85.49379,0.21045065,-8.837048,0.3713848,1.0,157.72124,-181.01654,834.4302,347.1841,976.35223,170.06793,0.53536487,0.05022251,2.9072986,0.66022,0.0015546447,516.8796,-0.11500977,373.02808,373.1431,69.05881,0.1245213,-8.877857,0.38158733,1.0,343.5436,941.1192,174.9211,0.5616534,0.045323342,2.482443,0.6183926,0.0017194457,516.86285,2.417191,369.38678,366.96957,0.009215802669525146,10582.574901103973,230000
80.25221,0.16517447,-8.799694,0.3620463,1.0,139.45409,-180.01955,813.6524,348.50824,843.2775,165.42499,0.6411222,0.05089359,2.6638513,0.6493981,0.004568894,529.0835,-0.47278324,374.96243,375.4352,85.941444,0.16456893,-8.837114,0.3714015,1.0,343.11108,914.8602,173.17264,0.76021993,0.04971204,2.393361,0.64353544,0.002232078,529.081,0.1523548,369.56512,369.41278,0.009223876428604127,10628.694285154343,235000
78.29637,0.16020608,-8.826237,0.36868224,1.0,241.98383,-93.07139,833.9018,348.86816,940.19196,164.04094,0.17011417,0.044189576,2.2801447,0.63994914,0.0027190452,527.59534,3.065553,375.24792,372.18237,83.76183,0.19164154,-8.873066,0.3803892,1.0,345.36334,909.10596,168.34558,0.54176515,0.05258569,2.5061178,0.6495111,0.0022738413,527.5921,-1.3641899,371.74295,373.10715,0.009214338779449462,10674.765980482101,240000
79.651764,0.1758844,-8.826935,0.3688568,1.0,200.17497,-179.90613,970.7405,336.06326,917.81165,182.96042,1.1392586,0.047838222,2.491721,0.6406687,0.0020109885,529.9319,1.1455953,362.55988,361.41428,81.41841,0.18785226,-8.858989,0.3768701,1.0,342.50745,877.53577,173.14966,0.18062937,0.045306806,3.4559765,0.63052696,0.001416818,529.9205,2.4870203,369.00348,366.51645,0.009213556480407715,10720.833766698837,245000
75.47141,0.16402525,-8.826111,0.36865067,1.0,192.51079,-115.192375,809.6676,350.72186,762.7438,159.64699,0.2620058,0.040122047,2.421492,0.6293487,0.0025630323,535.44324,5.2890835,377.49405,372.20496,70.6393,0.16065674,-8.844203,0.3731736,1.0,347.8993,807.28296,162.32034,0.683545,0.043513395,4.0844836,0.61959326,0.0009289061,535.43866,3.4731796,374.67123,371.19806,0.00921516375541687,10766.909586906433,250000
73.401764,0.15055037,-8.848265,0.37418926,1.0,181.20502,-392.91336,1097.5087,344.56274,840.5686,168.26999,0.46259707,0.045567863,2.5907774,0.64091897,0.00012682617,539.79486,2.3924453,371.5525,369.16003,76.789215,0.14767979,-8.865755,0.37856156,1.0,344.3518,798.1459,166.99658,0.5087529,0.04283234,2.3688278,0.6159585,0.0013331906,539.79254,3.8690493,371.34143,367.47238,0.009216358280181886,10812.991379737854,255000
87.00705,0.18863428,-8.796068,0.36114007,1.0,187.62744,-245.25693,958.3863,343.08405,959.6979,174.36949,0.48573083,0.057072632,2.4948611,0.6510242,0.0007238249,515.04614,-3.6427314,368.83636,372.4791,76.9507,0.15366037,-8.8507395,0.374808,1.0,343.349,886.3588,172.38177,0.822523,0.05310869,2.5643098,0.6373878,0.0030791876,515.0479,-1.6011231,369.10138,370.7025,0.006259580993652343,10844.28928732872,260000
73.575485,0.16480128,-8.831287,0.369945,1.0,283.19162,-134.3083,883.3775,345.0202,825.4908,167.53922,1.6636798,0.044444233,2.2745094,0.6302078,0.003856264,534.0864,2.9672601,371.72452,368.75726,66.50791,0.15777819,-8.859169,0.37691498,1.0,341.2683,788.5172,173.55101,0.75297546,0.029194426,2.4525476,0.5835657,0.0017148621,534.08136,11.11187,367.97238,356.8605,0.005480766153335571,10871.69311952591,265000
85.225815,0.19227329,-8.831661,0.3700382,1.0,164.91057,-103.01415,749.39124,343.88672,959.771,172.80647,1.0893376,0.043853763,2.0628102,0.65197885,0.0006995133,510.00632,3.1346197,369.38702,366.2524,75.46501,0.13206056,-8.876182,0.38116828,1.0,340.74246,919.9275,178.59248,0.50914896,0.049082793,3.0420697,0.64034295,0.0005773673,509.98785,0.46776465,366.24185,365.77408,0.0054808012008666996,10899.097126960754,270000
81.517426,0.18153366,-8.843857,0.37308717,1.0,226.12392,-94.218666,944.5498,342.30115,974.0366,174.69707,1.2872982,0.05111024,2.9208758,0.6441713,0.002075524,517.4275,-0.57446915,368.17252,368.74698,81.27543,0.15374655,-8.886787,0.3838199,1.0,334.24976,952.63666,188.81348,0.101988345,0.05449879,3.0107503,0.6300802,0.000765155,517.4235,-2.3277802,360.1209,362.4487,0.005472235584259033,10926.458306074142,275000
78.04814,0.15462905,-8.780708,0.35730007,1.0,139.81302,-146.92467,803.0769,341.76965,973.6404,177.85315,0.7499169,0.057372674,3.7766128,0.6554371,0.0005934707,507.3414,-3.7404625,367.13675,370.8772,83.61957,0.16499919,-8.829445,0.3694841,1.0,347.2256,944.34985,170.83691,0.40158278,0.048714377,2.3210802,0.6537692,0.002591542,507.36487,0.65228033,372.59384,371.94156,0.005486008358001709,10953.888349294662,280000
80.936615,0.16840154,-8.811793,0.3650713,1.0,120.11813,-132.1376,657.44946,348.35797,860.6725,166.14716,0.8012488,0.042333134,2.2005262,0.64909244,0.0021312558,523.6072,4.0144267,374.53833,370.5239,76.76855,0.17367864,-8.869891,0.37959588,1.0,345.21692,831.0095,169.58752,0.095932946,0.04143709,2.6353216,0.6188221,0.0022761705,523.6037,4.483572,371.39713,366.91354,0.0054815090656280515,10981.295895814896,285000
75.809494,0.13932352,-8.8204155,0.3672266,1.0,119.57352,-260.1101,743.0586,337.4959,1005.4859,182.42166,0.21558511,0.047780864,2.4148715,0.6500376,0.0010700264,508.57257,1.1285921,362.92456,361.79596,84.781525,0.1805118,-8.8331585,0.3704126,1.0,341.6231,919.5875,178.34335,1.3126179,0.05302568,2.363043,0.6504581,0.0035081469,508.5641,-1.5387526,367.0513,368.59006,0.006420093393325806,11013.396364450455,290000
83.698074,0.15997073,-8.8174095,0.3664755,1.0,208.13864,-137.49081,1258.5682,341.76962,1033.261,181.32185,0.20147209,0.05506854,2.8036115,0.65116507,0.0023726907,516.94165,-2.6201398,367.6167,370.23685,73.88491,0.1311307,-8.912792,0.39032096,1.0,335.95856,949.94226,187.0187,0.20739292,0.047083445,2.4632618,0.63168585,0.0028059755,516.9407,1.5076864,361.8056,360.2979,0.009210347032546997,11059.448101043701,295000
72.77549,0.15567064,-8.801713,0.36255133,1.0,115.76797,-106.89071,648.3003,340.58325,936.0839,176.97144,0.21102907,0.04426575,2.679474,0.6106234,0.0013258312,528.1416,3.028496,366.99033,363.96182,76.45663,0.16493171,-8.858104,0.37664878,1.0,344.599,884.6631,171.6615,1e-06,0.048646655,2.4126282,0.6465007,0.002660519,528.13776,0.71475303,371.0059,370.29114,0.009211716222763061,11105.506685256958,300000
77.70985,0.16926754,-8.855868,0.37608993,1.0,284.79944,-415.63562,1520.3777,346.38052,977.1844,170.068,0.7756519,0.05027935,2.7300076,0.63375556,0.0017013671,525.2551,-0.14672916,372.64328,372.79,83.09271,0.20814973,-8.804321,0.36320338,1.0,342.78326,947.32684,174.98334,0.16124608,0.042371515,2.7571967,0.6375431,0.0007317791,525.2493,4.006857,369.04575,365.03888,0.2706876039981842,12458.944708108902,305000
85.2473,0.16509384,-8.790823,0.3598289,1.0,80.75858,-172.0925,688.3376,338.70624,966.5232,181.35916,1.1469367,0.05774367,2.3893542,0.6589301,0.0011235044,515.397,-3.9910629,364.4761,368.46716,81.66854,0.1602783,-8.918038,0.3916326,1.0,341.0205,1021.79193,177.2373,1.2732337,0.050158195,2.3638005,0.64579916,0.0007565656,515.39795,-0.0815331,366.7904,366.87195,0.012965588188171387,12523.77265048027,310000
82.48942,0.15192947,-8.824979,0.36836785,1.0,298.4179,-380.93173,1178.8347,346.36786,977.8698,172.7934,0.034759875,0.05099068,2.241172,0.6509862,0.0018736026,513.3399,-0.50855434,372.03485,372.5434,85.274,0.18908846,-8.888966,0.38436452,1.0,335.39407,990.16437,190.241,0.7782629,0.045586694,2.3193884,0.6374651,0.0011860456,513.336,2.2655091,361.06085,358.79535,0.012971644926071167,12588.630877017975,315000
78.69856,0.15198836,-8.81863,0.3667805,1.0,178.41798,-129.98898,876.13226,338.15558,1014.312,184.37714,0.51007754,0.05283767,2.6525311,0.66286296,0.00085097045,511.7547,-1.4521905,363.74332,365.1955,72.40318,0.13745524,-8.875271,0.38094068,1.0,335.66882,1014.6975,185.89215,1.4581969,0.047106832,2.4662104,0.632447,0.0018102063,511.74933,1.480577,361.25632,359.77573,0.012936251306533813,12653.312137126923,320000
89.93004,0.202528,-8.848192,0.37417102,1.0,277.51813,-150.3729,1096.9114,345.28412,1059.7615,175.03395,1.226147,0.059779633,2.7727957,0.6535957,0.0016294521,507.15564,-4.9597955,370.64188,375.60168,80.995316,0.18173803,-8.87751,0.38150042,1.0,340.06335,1045.6909,185.17789,1.2101172,0.043239594,2.4226098,0.6332316,0.0011580011,507.18323,3.428765,365.42252,361.99374,0.012935582304000855,12717.990050315857,325000
72.9346,0.16684964,-8.843942,0.37310848,1.0,307.01566,-200.14236,1248.1118,356.8463,1007.9101,164.18373,0.61884356,0.04182881,2.5498867,0.63480157,0.0023884545,524.5515,4.28621,383.0739,378.7877,71.690346,0.13761476,-8.859841,0.3770833,1.0,348.2905,1046.074,181.04028,1.5815886,0.047331214,2.7060213,0.61706716,0.0019806714,524.71014,1.4003395,374.526,373.12567,0.012936397504806518,12782.672039747238,330000
83.2416,0.18443912,-8.804319,0.3632028,1.0,302.73,-207.57323,978.2997,337.49866,988.98706,185.91806,0.51904845,0.046179384,2.2613277,0.63815165,0.0010422027,516.31006,1.9726229,363.31418,361.34155,78.597664,0.17190817,-8.888819,0.3843277,1.0,339.62146,969.7919,180.07043,0.33353955,0.042096213,2.1006758,0.65730494,0.0011400123,516.297,4.0807023,365.4363,361.35562,0.012974052667617798,12847.542306184769,335000
78.85338,0.15094107,-8.8103695,0.36471543,1.0,124.29772,-114.27155,839.10876,341.5052,1049.461,183.96463,0.27801654,0.04884219,3.6281734,0.6484512,0.0022260863,506.1323,0.58600456,366.8118,366.2258,87.29169,0.17297521,-8.857967,0.37661478,1.0,342.05676,1030.3394,181.34045,0.76683193,0.05877603,2.3944623,0.6693469,0.0011627097,506.09293,-4.4414854,367.3614,371.8029,0.012988719511032105,12912.485905885696,340000
78.42435,0.15022016,-8.828112,0.36915094,1.0,212.64609,-152.07884,815.0279,340.57748,1050.3754,183.62326,2.0900464,0.038235907,2.4374647,0.6188183,0.0011181417,506.27905,5.9559145,365.89142,359.93552,77.56618,0.18207128,-8.846712,0.373801,1.0,344.04163,988.96387,179.31836,0.7395774,0.048150256,2.7499983,0.6266521,0.001052434,506.2573,0.9364466,369.35446,368.41803,0.009955912828445435,12962.26547217369,345000
70.5112,0.13035268,-8.791346,0.35995936,1.0,125.464676,-181.15506,762.7725,338.29337,982.2883,186.67871,1.1393259,0.043104693,2.4566762,0.6370884,0.0008844914,517.9644,3.571524,364.1916,360.62006,76.467834,0.14509985,-8.861513,0.37750107,1.0,342.09515,992.66064,178.4243,0.42295298,0.052086502,2.8974965,0.63641214,0.0007717463,517.95624,-1.0807165,367.99295,369.07367,0.009227414560317993,13008.40254688263,350000
85.80815,0.1963723,-8.830105,0.36964923,1.0,137.29152,-144.58762,738.00995,343.36014,927.3937,177.4406,0.9070217,0.053707905,2.8980079,0.65815413,0.0013740121,518.25275,-1.9216316,369.27277,371.1944,76.46248,0.16505131,-8.830809,0.36982512,1.0,334.331,938.3955,189.00174,0.0033432106,0.047797386,3.4370604,0.6220273,0.0020080074,518.25024,1.1415058,360.2435,359.102,0.009229387044906617,13054.549486875534,355000
85.77594,0.16750659,-8.852457,0.3752373,1.0,175.22331,-215.47108,863.915,341.12927,920.90106,177.67259,0.40712684,0.052116595,3.7718992,0.6546346,0.0014973261,529.77423,-1.1213171,367.61798,368.7393,74.22744,0.15925491,-8.889189,0.38442007,1.0,343.99048,919.14716,172.99951,1.3711822,0.03736715,2.3660553,0.63047695,0.0007573053,529.7714,6.692523,370.47906,363.78653,0.009222897958755492,13100.663978099823,360000
82.08409,0.15141387,-8.803324,0.362954,1.0,244.88292,-282.79218,1048.4873,333.50726,1003.70667,191.04504,0.44283795,0.058978114,2.83407,0.666234,0.0013212655,511.77792,-4.5948005,359.09616,363.69095,86.45563,0.17209542,-8.853366,0.37546447,1.0,338.6114,981.16296,185.64056,0.8677857,0.062026024,2.8091376,0.6908338,0.0018724275,511.76886,-6.1545444,364.19983,370.35437,0.00922043113708496,13146.766135692596,365000
71.52352,0.12666601,-8.872246,0.38018447,1.0,105.05141,-183.51987,861.42,331.168,944.6936,195.59058,1.4763956,0.050005026,2.4136772,0.638818,0.001055746,515.9596,-0.002592912,356.96597,356.96857,73.50267,0.13534607,-8.846149,0.3736604,1.0,345.16177,942.50934,172.56627,0.7014461,0.03889992,2.5950387,0.63025033,0.001518507,515.95984,5.7271953,370.95978,365.23257,0.007699393987655639,13185.263107061386,370000
80.38692,0.15847257,-8.812138,0.36515737,1.0,178.00406,-234.05722,871.8196,342.01984,923.4433,176.397,0.60919404,0.049712513,2.3581388,0.65160775,0.0010108355,516.2884,0.14842677,367.83426,367.68582,74.97151,0.1415266,-8.891006,0.3848745,1.0,347.8725,918.80005,168.29865,1.1647967,0.047976635,2.3394332,0.6422688,0.0015770431,516.27954,1.0446222,373.68646,372.64185,0.005474301528930664,13212.63461637497,375000
74.16611,0.18127386,-8.801513,0.36250114,1.0,93.48135,-59.658344,599.60516,343.40112,922.8266,171.8404,1.1502202,0.04409118,2.5898857,0.64612746,0.0007228443,525.28815,3.1038334,369.66553,366.5617,76.95473,0.18271641,-8.846619,0.37377772,1.0,338.7351,906.1163,178.8901,0.58762956,0.043903302,2.1994336,0.65911496,0.0018566505,525.2864,3.2025125,364.99942,361.7969,0.005466606950759888,13239.967652797699,380000
74.04402,0.1495085,-8.812809,0.36532503,1.0,206.44762,-201.45564,901.1563,341.9493,1000.6357,177.11761,2.2292569,0.042614527,2.1687038,0.65759456,0.0019131707,507.77267,3.7501416,367.33795,363.5878,79.624886,0.17231862,-8.859001,0.37687337,1.0,337.03458,971.92004,186.31857,0.5633442,0.053212024,3.8570213,0.6355203,0.0012675395,507.81845,-1.6311249,362.42548,364.0566,0.005474140644073486,13267.338357686996,385000
80.70302,0.15920544,-8.828522,0.36925358,1.0,302.46487,-179.9297,1085.9839,335.7375,1060.8109,190.94302,0.7789575,0.05562935,2.6540887,0.6550858,0.0010386313,507.12564,-2.8547876,361.09375,363.94855,81.95818,0.17336877,-8.873265,0.38043934,1.0,340.7627,1045.5137,184.84665,0.68452466,0.059267454,3.2071905,0.6534095,0.00075160444,507.11597,-4.6996737,366.1185,370.81818,0.005472315120697021,13294.699934959412,390000
75.53751,0.16069499,-8.821261,0.36743832,1.0,689.8062,-194.29025,2519.5994,341.08038,1003.6186,186.12614,1.870815,0.053780206,4.843049,0.6299256,0.002537287,523.11926,-1.9774979,367.23633,369.21384,88.87334,0.22599448,-8.833557,0.3705123,1.0,344.76593,974.2897,174.37752,0.8078814,0.047687136,2.4070485,0.66214144,0.0030525178,523.1178,1.2099009,370.9218,369.7119,0.005475753164291382,13322.078702926636,395000
82.81082,0.16560319,-8.838382,0.37171853,1.0,107.024254,-220.98077,771.9949,338.32672,923.0335,181.42888,0.7094568,0.051668156,2.4311252,0.66175115,0.0020363594,528.44336,-0.8815255,364.74887,365.6304,75.71806,0.13293344,-8.8715725,0.3800162,1.0,330.04413,921.4114,194.34248,0.02223436,0.046600945,2.6307592,0.63004184,0.0015751785,528.4396,1.7961954,356.46613,354.66992,0.00707931981086731,13357.475303411484,400000
76.856766,0.14461899,-8.849272,0.37444085,1.0,150.85858,-120.14027,699.13556,336.07166,1009.40454,190.01343,1.9322028,0.044533044,2.2168095,0.6409826,0.0025553734,508.46976,2.779782,361.49515,358.71536,82.61946,0.19013685,-8.859251,0.3769358,1.0,336.17676,1012.9767,189.8073,0.69383365,0.06107177,2.8396134,0.6731316,0.0016870132,508.45837,-5.629533,361.59967,367.22922,0.2535740350723267,14625.345482349396,405000
82.20733,0.16968212,-8.840986,0.3723696,1.0,166.40317,-121.17434,673.01776,342.8844,983.694,178.65971,0.16729261,0.048402425,2.604681,0.6545401,0.0009813217,518.2317,0.8279144,368.796,367.96808,73.158295,0.12952077,-8.87744,0.38148314,1.0,339.9902,978.57263,185.31831,0.34380138,0.042792883,2.3835318,0.63436365,0.0021463793,518.22876,3.7349358,365.90164,362.16672,0.012961951303482057,14690.155240535736,410000
72.09688,0.14547132,-8.846153,0.3736613,1.0,220.86678,-225.85762,900.6487,335.4471,1038.2704,193.63579,0.13393055,0.04415725,2.5389037,0.6387576,0.0010474311,505.96457,2.956224,360.74536,357.78912,77.59723,0.13176984,-8.91351,0.3905006,1.0,338.50357,1055.5286,187.94177,0.08939268,0.05142816,2.4834404,0.6588007,0.0012900573,505.9629,-0.72259635,363.80173,364.52432,0.012936909627914429,14754.839789867401,415000
89.780594,0.1936712,-8.824608,0.36827496,1.0,116.53018,-91.21966,656.0668,340.20587,987.12225,179.99088,0.127623,0.0546401,2.43171,0.67486364,0.0020447401,516.9,-2.398467,366.05087,368.44934,83.280365,0.18655533,-8.91634,0.39120775,1.0,336.42096,968.31726,187.01465,0.8894756,0.05571387,2.6653001,0.66390723,0.0041602636,516.9,-2.953499,362.26596,365.21945,0.012958617544174194,14819.63288116455,420000
83.12067,0.16370216,-8.849718,0.3745528,1.0,93.85662,-228.8457,853.80084,330.32697,997.7246,196.76874,0.7729378,0.058263592,3.1414766,0.65071094,0.00014744599,515.61523,-4.2608337,356.10773,360.36856,78.61084,0.15281105,-8.838579,0.37176782,1.0,343.45413,981.2265,175.54279,0.18384825,0.045377288,2.3500168,0.65349466,0.001056494,515.62164,2.3835707,369.23523,366.85165,0.012947318887710571,14884.3694794178,425000
80.48665,0.16354609,-8.793475,0.36049175,1.0,147.22327,-311.84598,1030.9756,343.1317,876.1875,173.93088,0.23965427,0.055151697,2.4613893,0.6737155,0.0012691219,528.1831,-2.721039,369.54086,372.2619,73.86179,0.15571925,-8.823795,0.36807173,1.0,340.82837,879.63025,174.56577,1.2667025,0.04784881,3.0072353,0.6439949,0.00033868526,528.1819,1.1362202,367.2375,366.10126,0.012963479566574097,14949.18687915802,430000
83.887505,0.16528308,-8.82733,0.36895522,1.0,140.7982,-105.22696,614.51874,338.05145,978.90625,186.98921,0.39871854,0.04635232,2.8911092,0.6552152,0.0010297751,512.86646,1.8707734,363.6948,361.824,77.1642,0.12717628,-8.842905,0.37284902,1.0,343.47052,969.4291,177.20137,1.1339837,0.045907006,2.4630609,0.6555867,0.0016381178,512.85767,2.099124,369.1134,367.01428,0.012951201677322388,15013.942888498306,435000
66.36478,0.12455092,-8.820304,0.36719882,1.0,184.24353,-203.15672,786.5708,350.09454,886.3564,166.54684,0.66364545,0.033838965,2.2934353,0.627196,0.0016008867,530.2923,8.570073,376.60916,368.0391,76.633606,0.17351165,-8.848604,0.37427408,1.0,350.92746,945.6788,165.53688,2.2085457,0.048372086,3.1647289,0.6346779,0.0029782127,530.28827,0.863264,377.44186,376.5786,0.012945642471313476,15078.671102285385,440000
83.900314,0.18141267,-8.830963,0.3698635,1.0,200.82689,-191.5462,768.6049,344.79437,956.4884,173.46545,1.0101304,0.044660345,2.4172537,0.66934127,0.0026517,526.1184,2.8092914,371.1003,368.29102,75.45671,0.16592288,-8.875473,0.38099116,1.0,341.41876,989.04297,176.28304,0.08621228,0.0389909,2.2374423,0.63707745,0.0007955626,526.11566,5.7920604,367.72455,361.9325,0.012946731424331665,15143.404761075974,445000
79.43187,0.17550257,-8.829483,0.36949372,1.0,120.22882,-136.91359,673.008,341.93332,1003.76996,180.45172,0.80115324,0.043267444,2.178455,0.6581121,0.0015128889,509.61493,3.4310114,367.41406,363.98306,80.93055,0.18377924,-8.84062,0.37227798,1.0,340.20932,1015.7145,183.68561,1.8217614,0.044547398,2.8865016,0.6617462,0.0019445712,509.60815,2.778691,365.68973,362.91104,0.012942184829711914,15208.115688085556,450000
81.38699,0.15734175,-8.840711,0.37230074,1.0,224.15268,-310.94766,905.145,339.47375,1079.0209,190.7663,0.46016502,0.04123121,2.2579453,0.65090895,0.00010570188,508.0129,4.454658,364.8744,360.41974,77.85947,0.16830097,-8.861201,0.37742317,1.0,339.2867,1067.9929,188.60959,0.025263447,0.043452024,2.3865643,0.6512871,0.0012300217,507.98724,3.3262885,364.6861,361.3598,0.012942255306243896,15272.826966524124,455000
81.21657,0.16593727,-8.804927,0.36335468,1.0,314.32758,-173.69527,894.9858,339.09668,1031.6547,185.32483,0.17401382,0.04159566,2.3667803,0.6546728,0.0015745121,507.61023,4.2661295,364.4772,360.21106,78.7727,0.17252034,-8.842657,0.37278724,1.0,337.28006,1023.4824,189.86029,0.21983805,0.05320009,2.8558714,0.65497625,0.0024762687,507.6078,-1.6243894,362.66046,364.28485,0.012954883527755737,15337.601386070251,460000
79.73419,0.16964453,-8.844805,0.37332416,1.0,141.0745,-103.724304,725.65265,339.55783,1032.9287,187.25995,2.8614352,0.04905905,2.593432,0.6494207,0.0015101432,506.81476,0.4768886,364.8986,364.4217,87.877914,0.18298227,-8.88471,0.38330066,1.0,340.8612,1033.2574,183.90518,0.15669459,0.055872243,2.356264,0.66679007,0.0031713443,506.77927,-2.9759305,366.20016,369.1761,0.01294980182647705,15402.350397348404,465000
83.12099,0.16401017,-8.792875,0.3603417,1.0,241.78178,-259.82935,841.1942,340.49017,1079.76,183.7095,1.3087697,0.04991304,2.6969478,0.66092813,0.0018750791,508.8833,0.044252213,365.93433,365.89008,84.88144,0.16982698,-8.868609,0.37927538,1.0,338.24545,1064.4924,192.07846,1.416024,0.055185184,2.579587,0.660808,0.0011400622,508.87894,-2.6386304,363.6894,366.32803,0.010036758327484132,15452.534190177917,470000
84.15024,0.19823389,-8.78504,0.35838276,1.0,193.87764,-319.1535,982.07574,341.12552,1030.1117,183.64503,1.3127785,0.051540345,2.496633,0.65787995,0.0019758027,517.7288,-0.7974806,367.01196,367.80945,77.94316,0.17078814,-8.901269,0.38744012,1.0,344.31494,1003.44763,177.06964,2.5595164,0.04093004,2.183489,0.6561535,0.0011717962,517.7254,4.695749,370.2012,365.50546,0.008022228527069093,15492.645334243774,475000
91.73883,0.19703712,-8.790921,0.35985345,1.0,130.67589,-149.66939,727.34515,340.02344,935.9512,181.84882,1.8662773,0.053596646,2.674294,0.6787184,0.0026218146,520.4401,-1.8718383,366.04547,367.9173,86.07431,0.19665676,-8.8636675,0.37803996,1.0,339.7896,924.9385,179.92621,1.4659771,0.045918543,2.4554021,0.6642767,0.0022289313,520.43964,2.1241524,365.81158,363.68744,0.00549689211845398,15520.129796743393,480000
80.183495,0.1777235,-8.795797,0.36107218,1.0,258.8181,-214.35164,1000.6878,331.21268,1022.7241,196.09953,3.729054,0.050598845,2.9753172,0.6532722,0.00076162117,508.88818,-0.30474472,356.65707,356.96182,77.89024,0.1741898,-8.869665,0.37953916,1.0,344.9537,1030.9373,178.3213,0.45570743,0.04777108,2.4957185,0.6764944,0.0008518999,508.87988,1.1342523,370.3977,369.26346,0.005478072452545166,15547.520160675049,485000
84.01176,0.15378974,-8.828346,0.3692096,1.0,237.97266,-169.8087,881.6485,340.5338,1027.5404,182.6166,0.80154127,0.057142116,2.4740546,0.66865927,0.0007491167,511.80182,-3.6553476,366.12393,369.77927,75.954025,0.16416101,-8.901782,0.38756856,1.0,332.9448,1031.1897,195.96124,1.7110506,0.049132653,2.3331194,0.6523328,0.001590129,511.80597,0.44391397,358.5351,358.0912,0.005489760255813598,15574.968963384628,490000
88.4918,0.16735566,-8.818509,0.3667503,1.0,208.72925,-109.96255,792.0826,341.98447,982.68384,184.70987,0.935917,0.052047692,2.2988849,0.6718379,0.00091817114,513.9799,-1.0524724,367.68347,368.73593,76.68123,0.17152226,-8.857154,0.37641144,1.0,337.48285,996.7748,188.02325,0.74690104,0.044064663,2.263583,0.65365624,0.0013848873,513.9782,3.0506341,363.18176,360.13113,0.005491322278976441,15602.425576210022,495000
83.91893,0.19914678,-8.819569,0.36701518,1.0,134.46771,-125.41829,603.867,333.22382,1040.4631,199.1629,0.29851344,0.044054598,2.7464173,0.66649735,0.003248113,507.6395,3.0181215,358.6058,355.58768,80.77648,0.15293273,-8.881052,0.38238594,1.0,333.60648,1033.4478,191.94893,0.5235242,0.05070764,2.6230986,0.6476921,0.0024590201,507.58167,-0.35918382,358.98557,359.34476,0.0068981315612792965,15636.916235923767,500000
88.842316,0.19387081,-8.837499,0.37149763,1.0,162.94495,-188.98941,772.65045,334.0647,1046.1438,192.89954,0.024612129,0.046085596,2.2233536,0.654599,0.0007224743,512.09033,2.0045288,359.6692,357.66467,85.11565,0.2058696,-8.890158,0.38466224,1.0,337.04968,1034.9264,187.96768,0.65900886,0.053791333,2.8486722,0.6679621,0.0011305403,512.0879,-1.9414953,362.65408,364.59558,0.2742355738162994,17008.094106435776,505000
85.52369,0.18361814,-8.7925625,0.36026347,1.0,288.59802,-186.03613,840.32965,333.53986,1081.7633,197.05707,0.47509247,0.055070385,2.6713164,0.67642146,0.0008702037,507.33557,-2.5723865,358.90665,361.47903,85.5403,0.18690939,-8.884829,0.38333017,1.0,337.38068,1044.3752,189.8677,1.2667767,0.047946747,2.547365,0.6607516,0.00058433757,507.33267,1.0416825,362.7473,361.70563,0.012951973867416382,17072.853977441788,510000
82.84597,0.15130919,-8.824076,0.36814195,1.0,231.38127,-226.76207,901.4337,342.27664,995.92334,180.4284,1.3432792,0.059374757,2.6643157,0.67804444,0.0013392835,515.25836,-4.8304214,368.03958,372.87,74.141556,0.14616111,-8.896503,0.38624877,1.0,337.53815,1001.11194,185.87604,0.7666127,0.04270602,2.3988073,0.6464842,0.0022429714,515.2606,3.758301,363.30118,359.54288,0.012945320415496826,17137.580580949783,515000
79.78029,0.1503025,-8.833729,0.37055513,1.0,168.27281,-195.04428,804.0406,338.03485,1094.9244,190.10983,2.3864353,0.05145424,2.5597293,0.6685164,0.001022331,507.16943,-0.737545,363.3933,364.13086,76.91825,0.15691316,-8.816839,0.36633277,1.0,342.0954,1086.787,184.98334,0.25819147,0.04892713,2.422709,0.64041424,0.002850852,507.22626,0.5441891,367.45673,366.91254,0.012952883005142211,17202.344997406006,520000
91.1753,0.20478754,-8.844674,0.3732915,1.0,168.30995,-199.58594,812.03973,338.9461,1050.2288,184.96844,2.5453541,0.05469522,2.4804072,0.6879565,0.0012242413,514.4173,-2.4153013,364.66696,367.08228,85.52237,0.17873472,-8.878928,0.381855,1.0,338.6418,1021.3429,183.64923,0.81697583,0.050452095,2.6252272,0.6709173,0.0023020569,514.41907,-0.23256566,364.36276,364.59534,0.012949666738510132,17267.093335151672,525000
95.05225,0.17865658,-8.840327,0.3722047,1.0,162.22014,-382.06964,1047.3229,350.44586,940.68695,165.68144,0.5496123,0.06354318,2.392448,0.6886985,0.0026661598,525.4462,-7.1162114,376.71817,383.83438,71.922,0.120893076,-8.853228,0.3754297,1.0,340.87628,961.52795,177.90518,0.027268576,0.042188235,2.2625947,0.65947014,0.0018360491,525.445,4.1046534,367.14853,363.04388,0.012941712522506714,17331.801899433136,530000
87.28741,0.1974764,-8.819757,0.36706257,1.0,178.50594,-221.82697,827.4529,338.7154,1020.089,185.14615,0.17548761,0.051355768,2.883732,0.66680455,0.0009987601,526.699,-0.7140812,365.05035,365.76443,83.757225,0.17698762,-8.869333,0.3794563,1.0,343.16858,980.8652,174.63646,0.81331986,0.0483561,2.4350634,0.6666926,0.0016415678,526.69525,0.86583424,369.50336,368.6375,0.012942371988296508,17396.513761281967,535000
74.94465,0.13697624,-8.841418,0.3724776,1.0,104.70651,-183.43982,739.4688,338.4779,1059.2722,188.14622,1.3872083,0.046956383,2.2251587,0.6548648,0.0018310415,507.77676,1.5454786,363.86673,362.32126,80.55032,0.18727165,-8.850039,0.3746327,1.0,337.76514,1036.6095,190.81387,0.5502284,0.03688102,2.2832325,0.6337588,0.002536055,507.76007,6.6612954,363.15314,356.49185,0.01294239945411682,17461.225761413574,540000
83.76483,0.19191761,-8.844967,0.3733648,1.0,161.21217,-160.70497,730.9097,342.55096,977.3318,180.32248,1.2394359,0.048632003,2.951139,0.6619746,0.0014573343,527.39594,0.72147626,368.92075,368.19928,80.57058,0.15963338,-8.8955345,0.38600633,1.0,343.7602,986.1221,175.21275,1.3478813,0.048035167,2.3986032,0.6486603,0.00092449854,527.39136,1.0362363,370.12976,369.09354,0.01296322717666626,17526.041899442673,545000
81.341,0.17359209,-8.832651,0.3702858,1.0,200.72142,-196.33545,908.74963,345.39233,967.8281,171.20491,0.92805964,0.043227576,2.5205824,0.6556412,0.0017827676,536.7129,3.6348479,372.228,368.59314,94.65048,0.23061281,-8.890165,0.38466424,1.0,340.23047,887.1197,176.99968,0.6246742,0.05068199,2.5976548,0.66815704,0.0014035479,536.71136,-0.3660312,367.06604,367.43207,0.012956812524795532,17590.825963497162,550000
75.86244,0.13270915,-8.833544,0.3705089,1.0,153.66869,-204.41872,898.9003,340.36957,1015.4311,182.51657,0.19690138,0.048978288,2.4029741,0.66387135,0.0015544484,518.92755,0.53019506,366.31595,365.78577,75.616035,0.1308775,-8.89505,0.3858856,1.0,342.29843,1002.82404,179.49146,0.17674883,0.04924942,2.6441083,0.65115917,0.0016808733,518.9172,0.3894883,368.2443,367.8548,0.012946381282806396,17655.55787205696,555000
87.163635,0.19848382,-8.840479,0.37224263,1.0,185.61261,-137.95819,741.7119,337.64902,1009.64764,181.3596,2.0434556,0.045560457,2.1517031,0.6540528,0.0008657668,517.9743,2.2995696,363.54773,361.24817,81.51199,0.16066484,-8.862972,0.37786606,1.0,342.3006,972.64404,176.93277,1.7156602,0.05240935,2.4833362,0.64985657,0.0016519977,517.9736,-1.2479796,368.19928,369.44727,0.010656464147567749,17708.84019446373,560000
84.61711,0.20456138,-8.821169,0.36741507,1.0,86.15167,-114.1696,531.6841,343.1136,1063.0396,179.88063,0.6419438,0.045445822,2.3624392,0.6626452,0.0007086659,520.7728,2.3716924,369.15225,366.78055,80.55977,0.14685924,-8.864347,0.37820977,1.0,337.76886,1076.657,188.66739,0.18068857,0.050962813,2.4815648,0.66472375,0.0015051428,520.7594,-0.5013936,363.80682,364.30823,0.0054846435546875,17736.263413906097,565000
86.0701,0.20610116,-8.843554,0.3730113,1.0,277.68387,-171.88911,1010.8657,334.33096,1049.5343,194.95976,1.0334387,0.053089634,2.3816223,0.6741308,0.0014529902,508.5837,-1.571337,359.76013,361.33148,80.09395,0.16851908,-8.895754,0.3860616,1.0,338.08386,1053.7584,188.03795,0.89480084,0.042632483,2.3074815,0.65750396,0.0026240097,508.58493,3.7470086,363.51312,359.7661,0.005478685760498047,17763.656844377518,570000
91.071884,0.22463563,-8.807114,0.36390132,1.0,287.88834,-306.9721,1292.1243,338.10162,1077.5009,187.55063,1.7818835,0.057161495,3.4874477,0.6788426,0.0014926153,516.0132,-3.6954255,363.90228,367.59772,74.87517,0.13632408,-8.860977,0.3773672,1.0,339.5031,1074.4552,185.88463,0.881592,0.045254856,2.4374363,0.6452468,0.001009911,516.01,2.448542,365.30362,362.85507,0.005468661642074585,17791.00015425682,575000
91.51951,0.21991849,-8.83429,0.37069532,1.0,186.04233,-73.345856,704.783,349.23178,924.20056,166.75392,2.3203647,0.048466645,2.538657,0.68047667,0.0018123541,520.7472,0.7984906,375.26913,374.47064,83.806595,0.1866035,-8.804538,0.36325738,1.0,339.12708,941.03,183.35603,0.7346642,0.0547558,2.7588084,0.68389094,0.000900406,520.7457,-2.4765618,365.16437,367.64093,0.0072050663471221925,17827.025490522385,580000
86.04369,0.1997222,-8.812365,0.36521423,1.0,157.00069,-157.65883,880.4568,347.17218,924.3339,170.27771,0.1255959,0.054803792,3.7946982,0.6711534,0.0008443079,523.7807,-2.5161333,373.3612,375.87735,81.58049,0.19496773,-8.851736,0.3750571,1.0,337.56155,928.1921,180.44888,1.0227722,0.044048667,3.657931,0.66046435,0.0021977657,523.77924,3.117185,363.75052,360.63333,0.009197904014587402,17873.01501226425,585000
83.15886,0.1747015,-8.831802,0.37007368,1.0,94.970085,-109.82318,653.8013,338.4555,978.30237,184.25404,1.2776207,0.052504193,2.798062,0.6766504,0.0031642169,514.51373,-1.2884413,364.18118,365.46964,83.80992,0.20509352,-8.856106,0.37614942,1.0,340.80203,1021.70935,179.00623,0.57038224,0.06366727,5.0950785,0.67119825,0.0016957409,514.50366,-7.031859,366.52722,373.55908,0.009205052423477173,17919.040276288986,590000
91.29451,0.18475735,-8.822312,0.36770096,1.0,134.13472,-100.92036,485.05756,336.24124,1014.5897,186.64185,1.7834843,0.043602526,2.495885,0.66445553,0.0011385481,510.72134,3.2673268,361.7773,358.50998,79.14035,0.19095388,-8.880877,0.38234216,1.0,342.14056,996.42664,179.8924,0.85663193,0.04743969,2.2545187,0.6540825,0.0016533126,510.69333,1.3075333,367.67523,366.3677,0.009198672389984132,17965.03364133835,595000
83.12424,0.15268804,-8.837779,0.3715679,1.0,224.36627,-377.56705,1079.5177,337.08688,1049.0879,187.35521,1.2653562,0.06075564,3.1228616,0.68214023,0.0010897462,508.32742,-5.4673867,362.50327,367.97064,80.83467,0.16074792,-8.87864,0.38178304,1.0,334.21298,1053.448,191.44154,0.44111583,0.041877616,2.5460253,0.6696104,0.001281276,508.34637,4.128985,359.6303,355.5013,0.009197106409072876,18011.019176721573,600000
78.696945,0.17154379,-8.82988,0.36959296,1.0,150.88483,-114.68752,703.8249,336.86444,1097.0432,193.53229,1.1879042,0.044962574,2.2657583,0.66348886,0.0007895233,508.04465,2.5592377,362.26666,359.70743,88.22486,0.22338554,-8.88548,0.383493,1.0,340.44183,1098.9296,182.48178,0.42669043,0.051138833,2.5027008,0.66566503,0.0007208377,508.02383,-0.57855403,365.84302,366.42157,0.24588095741271973,19240.423966884613,605000
79.63434,0.15890086,-8.849821,0.37457836,1.0,150.82681,-120.59154,687.8832,334.15396,1101.3024,200.27043,2.8154292,0.04923268,2.3193145,0.64606464,8.687274e-05,508.54956,0.39022046,359.58145,359.19122,83.21286,0.18029806,-8.893671,0.38554096,1.0,340.552,1129.947,183.12628,1.337342,0.05942607,3.1477594,0.66241693,0.0016838873,508.5803,-4.793913,365.98102,370.77493,0.012949266052246094,19305.170299053192,610000
89.0131,0.18476832,-8.828045,0.3691342,1.0,250.72356,-375.0838,1045.4406,336.94418,1086.3121,193.5069,0.14891993,0.060980156,3.5101209,0.68788487,0.0005147408,508.55026,-5.583961,362.3717,367.95566,88.69319,0.1688315,-8.898373,0.38671592,1.0,341.21964,1064.8337,187.06912,0.83126175,0.056342654,2.2143455,0.6802758,0.001382476,508.5825,-3.2257624,366.64874,369.8745,0.01294882755279541,19369.914438009262,615000
84.10573,0.18940374,-8.803829,0.36308014,1.0,125.050255,-86.758125,568.92084,337.52362,1101.2515,191.57152,1.3852813,0.045296054,2.3050737,0.6703622,0.0010910269,507.451,2.3870223,362.89618,360.50916,80.97279,0.22083351,-8.865825,0.37857923,1.0,339.0488,1053.5099,187.6796,0.8434548,0.04979237,2.823636,0.6669433,0.0020905964,507.429,0.105357,364.42023,364.31488,0.012936454677581788,19434.59671497345,620000
80.93452,0.17989969,-8.815918,0.36610255,1.0,223.1473,-158.58812,801.9405,335.3108,1035.0488,196.05266,0.07114448,0.050212175,2.893155,0.6564088,0.0020338795,514.55524,-0.1091752,361.03857,361.14774,84.175644,0.19647,-8.87402,0.38062787,1.0,337.53464,1025.0049,190.41936,0.224302,0.048987117,2.5322871,0.66756517,0.0005369836,514.5513,0.5211808,363.2622,362.74103,0.01295951313972473,19499.394282341003,625000
79.08419,0.17308925,-8.845749,0.37356016,1.0,89.399925,-148.00635,598.80945,336.34326,1097.8987,197.014,0.28841922,0.045503978,2.5711322,0.6589802,0.0027720514,506.84958,2.2788074,361.68573,359.40692,89.074135,0.17496485,-8.839508,0.37199992,1.0,339.41205,1092.9517,185.79395,0.43547842,0.058622863,2.5021272,0.684252,0.002821534,506.81357,-4.3701835,364.75275,369.12292,0.012947386121749878,19564.131214618683,630000
88.417564,0.19489251,-8.852743,0.37530878,1.0,201.47868,-203.49477,979.9146,343.95224,1128.1676,184.33646,0.26159146,0.058064193,3.0030084,0.6801085,0.001024556,509.58142,-4.109362,369.4313,373.54068,86.8398,0.1736831,-8.832987,0.3703698,1.0,337.50113,1131.1254,193.22328,2.5961676,0.049691238,2.3221881,0.67409307,0.0011174517,509.60352,0.15734683,362.98132,362.82397,0.012923264980316162,19628.747543096542,635000
83.31401,0.1708821,-8.821026,0.3673796,1.0,162.17888,-183.14185,820.8825,345.11047,1141.5614,181.01276,3.3397627,0.047104284,2.3826332,0.66869634,0.0012619462,507.04514,1.468259,370.46274,368.99448,86.2792,0.19298095,-8.859114,0.37690133,1.0,341.6424,1110.0653,178.93945,1.14173,0.054821786,3.0076976,0.6896622,0.0022519524,507.01273,-2.4447062,366.99304,369.43774,0.012910294198989869,19693.299015283585,640000
86.147224,0.20444472,-8.83225,0.37018526,1.0,186.82285,-201.92403,793.6105,335.81177,1097.3435,197.76718,0.85656625,0.049139306,2.5143976,0.6663796,0.0018816434,516.49945,0.4445484,361.63675,361.1922,81.47002,0.18652079,-8.888403,0.3842237,1.0,337.57837,1089.5107,191.37859,0.464183,0.050338615,2.375773,0.6766906,0.001799873,516.48413,-0.17488874,363.40256,363.57745,0.01290821614265442,19757.840097665787,645000
91.06935,0.20836176,-8.896948,0.3863599,1.0,290.4738,-156.41705,993.3283,338.26782,1136.1516,187.93666,0.2204702,0.049739942,2.5760462,0.683196,0.002382072,509.94458,0.13261557,363.76508,363.63245,75.05428,0.1663374,-8.861723,0.37755358,1.0,331.14594,1132.1597,205.4389,4.147251,0.053243257,2.374061,0.653506,0.0018352523,509.93314,-1.6538439,356.6426,358.29645,0.01292084755897522,19822.44433760643,650000
85.97482,0.18137407,-8.84569,0.37354547,1.0,222.03119,-197.77577,847.6376,335.67258,1128.0117,195.40497,0.50426567,0.051807344,2.774905,0.66677046,0.0007100331,508.32407,-0.9187161,361.0888,362.0075,74.835785,0.15887474,-8.875965,0.38111413,1.0,330.75293,1138.5168,202.59622,2.1675732,0.043468006,2.4076312,0.6370044,0.0018123062,508.36963,3.3206677,356.17142,352.85074,0.01293078145980835,19887.098248243332,655000
77.95791,0.1580599,-8.810217,0.3646773,1.0,219.0913,-340.57428,920.1536,337.98486,1086.6263,188.96509,0.31409472,0.039552473,2.4146118,0.6555027,0.0017939552,518.1991,5.4139,363.89484,358.48093,75.16926,0.12159692,-8.916522,0.3912534,1.0,341.67368,1081.9098,179.97318,0.5682607,0.045522455,2.9448106,0.65060455,0.0016168772,518.1892,2.320216,367.58313,365.2629,0.0129271831035614,19951.73416543007,660000
71.77594,0.16555302,-8.853773,0.37556618,1.0,125.97288,-39.290024,431.0298,336.66473,1128.7694,198.42093,0.8069114,0.032920346,2.2577286,0.62069225,0.0013271056,513.50073,8.770415,362.33978,353.56937,76.793045,0.1610345,-8.88065,0.38228542,1.0,342.3299,1111.1104,185.54851,0.0112679135,0.059995428,3.4683049,0.6588654,0.0014004962,513.54944,-5.133146,368.00735,373.1405,0.010077592134475708,20002.122128248215,665000
94.0468,0.19737986,-8.808893,0.36434633,1.0,109.80484,-184.16847,717.07104,336.59305,1111.2909,195.27023,2.2731102,0.051464893,2.5552537,0.6859586,0.0013510573,508.5522,-0.74497414,362.02066,362.76562,78.293365,0.12512252,-8.840015,0.37212664,1.0,334.84265,1115.0142,198.62952,2.0708804,0.05436244,2.471818,0.6648791,0.0012614093,508.58832,-2.218685,360.27206,362.49075,0.007790928936004638,20041.076776266098,670000
95.87283,0.20531507,-8.832643,0.37028354,1.0,186.89874,-349.03012,1173.9694,339.0626,1066.2249,187.79509,1.5567122,0.06338868,2.4307847,0.69761354,0.002468159,512.13434,-6.856804,364.6693,371.52612,78.52361,0.133921,-8.90642,0.38872802,1.0,332.8941,1110.0176,196.64136,1.4194121,0.056290787,2.5915358,0.68363166,0.0020746428,512.23956,-3.2223895,358.5061,361.7285,0.005459531211853027,20068.374433517456,675000
83.90115,0.20144379,-8.82362,0.36802793,1.0,219.39185,-118.16836,724.10223,339.35797,1124.3319,190.03745,1.465104,0.046845585,2.5023608,0.6636658,0.0033070648,509.2212,1.6062953,364.81903,363.21274,83.33954,0.1955508,-8.849386,0.37446937,1.0,338.10498,1141.4115,190.49533,1.7334956,0.049126625,2.3884687,0.682663,0.0011289679,509.2144,0.44473547,363.5657,363.12097,0.007574554681777954,20106.247208356857,680000
88.47122,0.20707573,-8.858273,0.37669104,1.0,180.12302,-274.4334,916.914,337.9566,1109.1285,193.23825,0.57056963,0.057943147,2.506576,0.688103,0.0040726317,522.18225,-4.14777,364.06573,368.2135,86.60533,0.17626005,-8.881708,0.38255,1.0,344.65836,1078.7747,178.22307,0.7123186,0.05615438,2.676207,0.6662968,0.0018633357,522.174,-3.2136576,370.76706,373.9807,0.009206115055084228,20152.27778506279,685000
83.82001,0.1863519,-8.76891,0.3543505,1.0,236.82137,-292.7782,1047.4462,335.65985,1046.6136,193.7069,0.7441405,0.053371582,2.486585,0.66189015,0.0017548335,530.14746,-1.7874353,362.1672,363.95465,77.146645,0.14425543,-8.841736,0.37255692,1.0,336.2185,1025.6407,186.44986,1.960757,0.035581935,2.3213606,0.666028,0.0008163641,530.14264,7.6436315,362.72565,355.082,0.009211752271652222,20198.33654999733,690000
79.27301,0.18461666,-8.814295,0.3656965,1.0,137.89326,-239.63397,696.77026,335.6781,1106.5208,191.65746,1.1629481,0.053234734,2.3771677,0.67273295,0.001824797,508.9493,-1.6463151,361.12558,362.77188,69.13063,0.14952,-8.867206,0.3789243,1.0,334.63696,1101.3738,190.70467,0.77636904,0.038199134,2.4091754,0.64530325,0.00088995765,508.96362,6.0062118,360.08514,354.07892,0.009205294322967529,20244.363023281097,695000
83.35396,0.1647075,-8.804748,0.36330983,1.0,111.19149,-148.39,669.0255,335.4594,1027.8107,191.98958,1.6531528,0.042907674,2.5583389,0.6561077,0.0016120768,515.2105,3.6540413,361.21994,357.5659,82.05873,0.1907733,-8.872123,0.38015378,1.0,335.7304,1070.1078,188.70287,1.6881362,0.04678631,2.5038934,0.67465496,0.0016644605,515.20264,1.6557028,361.49054,359.83484,0.009213155889511108,20290.428804159164,700000
84.808945,0.20888165,-8.8568,0.37632313,1.0,166.49622,-163.80353,781.1544,335.33676,1006.9474,190.57907,0.78378266,0.051171433,2.5796928,0.6614109,0.0009243256,512.45605,-0.60030764,360.95956,361.55988,86.29618,0.18862551,-8.905501,0.38849834,1.0,340.10144,1060.0602,183.11064,0.66578734,0.04262706,2.3246202,0.66224843,0.0030400855,512.45746,3.7783191,365.7243,361.94598,0.23716017532348632,21476.22968196869,705000
101.71979,0.2588796,-8.796452,0.36123586,1.0,143.74857,-88.82807,653.28516,339.82175,1070.4807,187.24278,0.1978195,0.05670688,2.4543972,0.6898501,0.0004934233,508.62982,-3.4113185,365.25323,368.66455,80.25238,0.157078,-8.850431,0.3747307,1.0,332.61588,1076.2101,198.03394,1.3631748,0.051841777,2.3916345,0.67422056,0.0013602134,508.67078,-0.93685764,358.0494,358.98627,0.012946814489364624,21540.963756084442,710000
86.49187,0.2166703,-8.785757,0.35856217,1.0,179.05235,-124.19967,685.72656,339.60852,1128.1176,188.7862,0.42894453,0.054185294,2.7823467,0.67991805,0.0010638449,507.32397,-2.1232994,364.97473,367.09802,76.071976,0.14834069,-8.901655,0.38753682,1.0,336.36322,1104.0988,194.22684,1.0882356,0.059741814,4.688702,0.6692665,0.0013808539,507.30777,-4.942097,361.7286,366.67072,0.012943600368499756,21605.681759357452,715000
89.19696,0.19911528,-8.87127,0.37994057,1.0,168.2277,-102.45135,641.10095,333.75635,1098.6614,199.21014,1.4173151,0.045120526,2.2562313,0.680811,0.0010835696,508.9129,2.4832275,359.20197,356.71875,86.6775,0.17789344,-8.887103,0.38389868,1.0,342.8708,1109.2289,182.43466,0.8887715,0.05758099,2.3282247,0.68308556,0.0016794653,508.88864,-3.8578787,368.31522,372.1731,0.012953475952148437,21670.449140310287,720000
80.64256,0.14301978,-8.817801,0.36657333,1.0,97.34341,-103.87887,563.39246,341.27194,1121.185,186.55136,1.3909447,0.05165471,2.4562962,0.6717163,0.0014144932,508.2312,-0.8409756,366.6835,367.52448,90.70488,0.19192898,-8.848379,0.37421787,1.0,340.52463,1118.2823,187.23285,0.1188703,0.053240716,2.5686612,0.68340266,0.002020527,508.24796,-1.6470871,365.937,367.5841,0.012972341632843018,21735.310849905014,725000
72.83964,0.14957952,-8.868234,0.37918127,1.0,127.42509,-148.03438,684.18066,335.44476,1157.8984,197.37639,0.9817019,0.03704542,2.4071908,0.6364402,0.00029657176,507.49747,6.574417,360.81964,354.2452,86.360115,0.1769557,-8.879189,0.38192016,1.0,338.65182,1157.74,188.42708,2.203038,0.043460958,2.1624699,0.6770078,0.0016957317,507.42123,3.3180492,364.0229,360.70483,0.012954648160934449,21800.084092378616,730000
85.76131,0.18446815,-8.822767,0.36781478,1.0,219.73839,-323.01263,1158.243,340.12198,1072.2781,186.00464,0.48450607,0.046499096,2.548279,0.68113935,0.002244286,520.57495,1.8224834,366.15073,364.32825,75.40037,0.16805518,-8.889854,0.3845864,1.0,335.91815,1087.7593,191.84763,0.9615478,0.048778515,2.8724012,0.66985106,0.0014767335,520.5722,0.63587135,361.94675,361.31088,0.012948571729660035,21864.826952934265,735000
83.74664,0.18453401,-8.824553,0.36826092,1.0,97.10181,-122.94981,620.9279,331.57,1125.7172,203.61221,0.84474105,0.045182507,2.227064,0.6661018,0.0027266776,508.6681,2.450505,357.00342,354.55292,81.595276,0.18341301,-8.848405,0.37422433,1.0,339.38177,1091.6752,185.23233,0.13982,0.047358103,2.5572445,0.66885656,0.0022904347,508.6567,1.3438189,364.8146,363.4708,0.01294078803062439,21929.530895233154,740000
82.18884,0.15531355,-8.827913,0.36910123,1.0,93.751564,-163.78673,634.7664,336.8862,1101.0045,193.57712,0.76917064,0.049057186,3.0426238,0.65401196,0.0034334394,507.68552,0.47865358,362.27048,361.7918,78.68587,0.16933486,-8.867516,0.37900203,1.0,333.28857,1081.7349,200.78546,1.9829881,0.045802064,2.540454,0.6506413,0.0021077916,507.6739,2.1311827,358.67227,356.54108,0.012937361478805542,21994.217707157135,745000
75.57508,0.1446232,-8.85936,0.37696266,1.0,86.49786,-119.585175,616.9574,335.94946,1104.7424,195.98492,1.0796149,0.0461715,2.5787194,0.65001523,0.0022412145,509.52942,1.9507331,361.42593,359.4752,83.020645,0.17776853,-8.869829,0.37958014,1.0,332.6195,1107.7919,201.7121,0.90087914,0.046204682,2.7058764,0.6466595,0.0025358682,509.54132,1.9338715,358.09656,356.1627,0.012941849040985108,22058.926953792572,750000
85.147804,0.20122908,-8.842957,0.37286195,1.0,76.987076,-146.04839,595.24225,337.6977,1111.4683,191.54321,2.4702609,0.0431123,2.4399226,0.6728051,0.0013700351,508.84058,3.5047414,363.1397,359.63498,83.61363,0.15567446,-8.874731,0.3808059,1.0,338.0764,1099.1093,188.09991,0.50525534,0.049789604,2.6151469,0.68033296,0.0017068868,508.84668,0.107059784,363.5187,363.41165,0.012965596914291382,22123.75494003296,755000
86.849304,0.19868554,-8.830397,0.36972207,1.0,161.33836,-175.97624,719.58026,342.16183,1083.2072,181.26274,1.891096,0.05415459,2.4382367,0.6930993,0.0014058534,518.0128,-2.1521304,368.06247,370.2146,91.13127,0.20830524,-8.880042,0.38213357,1.0,337.16,1082.1459,188.6998,0.9929666,0.051022187,2.7446904,0.6808775,0.002533495,518.01184,-0.52950454,363.06058,363.5901,0.012965335607528687,22188.5816218853,760000
79.893974,0.16096008,-8.817881,0.3665932,1.0,79.78689,-238.14711,630.8814,340.6473,1086.538,186.67673,0.11973068,0.049415052,2.3952394,0.67325103,0.0011622927,519.56683,0.30392,366.62564,366.32172,84.85163,0.21663271,-8.875378,0.38096744,1.0,341.2085,1043.2852,182.3595,1.5426142,0.04873977,2.2486506,0.67000663,0.001806387,519.5631,0.65477014,367.18668,366.5319,0.012980149078369141,22253.482369184494,765000
83.30504,0.18523866,-8.798859,0.36183783,1.0,203.31204,-115.91399,672.82166,340.57385,1109.3942,188.00285,0.4690252,0.044735484,2.200992,0.6774536,0.0007990355,509.43393,2.6819236,366.04553,363.36362,89.61504,0.19876173,-8.871566,0.38001454,1.0,335.53827,1120.5265,196.22516,0.8487411,0.054548606,2.302916,0.6842569,0.0011778871,509.44025,-2.3172426,361.01028,363.3275,0.011947219324111939,22313.218467235565,770000
82.050224,0.17555082,-8.834437,0.3707323,1.0,191.37253,-81.530846,636.1376,336.9992,1057.512,189.2977,0.5588393,0.044286218,2.6005225,0.65618837,0.00068884715,519.2674,2.9669814,362.9626,359.9956,78.371475,0.14044648,-8.879339,0.38195774,1.0,340.27136,1088.7493,187.4437,1.7443117,0.045857884,2.184544,0.6774657,0.0016310575,519.258,2.1508272,366.23425,364.08344,0.005494207859039307,22340.689507961273,775000
84.42312,0.15239504,-8.840281,0.372193,1.0,139.51479,-61.81192,535.5722,338.98315,1098.9117,186.14236,1.0905824,0.05591074,2.4213119,0.6803485,0.0019914377,510.33914,-3.0164816,364.50012,367.5166,73.856125,0.13257036,-8.896099,0.38614774,1.0,333.76913,1140.7462,195.36523,0.35720405,0.043759424,2.3879724,0.65142673,0.0011852861,510.37076,3.1850078,359.28766,356.10266,0.005848723411560059,22369.933126688004,780000
88.10238,0.18715638,-8.849318,0.37445253,1.0,166.08713,-176.98552,706.0936,337.87543,1131.3608,190.13008,2.1947875,0.047591317,2.295863,0.6869787,0.0008588232,507.17932,1.2216344,363.2344,362.01276,83.96385,0.1808435,-8.86115,0.3774103,1.0,341.2913,1125.3182,186.0564,0.71104115,0.049622364,2.6123056,0.66571426,0.0009237736,507.15372,0.1915197,366.649,366.45746,0.009253077220916749,22416.19851398468,785000
81.59235,0.16476867,-8.848486,0.3742446,1.0,162.52982,-103.85358,643.54724,339.42328,1150.7926,189.11572,1.6161599,0.049357895,2.605154,0.66960657,0.0010719288,511.86575,0.32867205,365.01657,364.6879,85.5317,0.18427147,-8.895598,0.38602254,1.0,338.78864,1137.1045,184.00845,0.253502,0.044925883,2.3991797,0.6715673,0.001235963,511.88406,2.59736,364.38284,361.7855,0.009226165199279785,22462.32934141159,790000
85.80179,0.16883916,-8.824774,0.36831635,1.0,163.65283,-160.49509,733.7914,335.2561,1170.6067,197.59375,0.64691836,0.05402454,2.405715,0.6887713,0.0035033624,508.73798,-2.047436,360.69302,362.74045,79.48522,0.16386327,-8.8832,0.3829227,1.0,337.18344,1154.7262,199.67764,2.251984,0.04417626,2.850556,0.6443058,0.0010585946,508.7516,2.9628382,362.621,359.65817,0.009229852771759034,22508.478607177734,795000
83.56433,0.19199419,-8.8496895,0.37454522,1.0,97.28118,-141.57225,529.2639,339.8034,1162.1787,191.38379,0.0052698865,0.0513207,2.335621,0.6775949,0.0014688402,508.3994,-0.67144364,365.2234,365.89484,79.37843,0.1527569,-8.906584,0.38876888,1.0,340.9903,1164.3446,190.4534,1.6604066,0.0408452,2.2965376,0.6691734,0.0026715733,508.3968,4.654271,366.41013,361.75586,0.009230181455612182,22554.62951731682,800000
89.093925,0.20301537,-8.807276,0.3639419,1.0,291.32648,-274.3613,1246.9084,336.4552,1146.5104,193.85701,0.8174021,0.060700364,2.6372154,0.6947931,0.0023143883,509.28238,-5.4495068,361.91934,367.36884,81.669754,0.11268681,-8.88638,0.38371807,1.0,338.6289,1120.2683,186.63503,0.49341884,0.051002882,2.2593417,0.6806741,0.0008196768,509.2836,-0.5107512,364.0931,364.60385,0.2193414822101593,23651.336931943893,805000
82.39319,0.17829713,-8.829103,0.36939883,1.0,209.29364,-223.0252,826.4586,341.31427,1168.2104,188.41306,0.562564,0.047504835,2.71151,0.65192544,0.0009618959,507.84604,1.2671602,366.70657,365.43942,79.414024,0.18001133,-8.853207,0.37542456,1.0,338.27243,1166.8738,197.86746,1.5983685,0.05805807,4.628792,0.67655444,0.002221466,507.85645,-4.0923414,363.66525,367.7576,0.012917313957214356,23715.923503398895,810000
78.57013,0.15551236,-8.80847,0.36424032,1.0,172.75208,-107.404945,653.5912,338.09772,1116.2303,187.28001,1.6741896,0.047733,2.560801,0.6683341,0.00080666353,521.7954,1.1829098,364.1875,363.00458,81.980705,0.1417802,-8.908733,0.38930634,1.0,338.00378,1087.1091,190.97504,1.1092477,0.04675226,2.2079434,0.67427325,0.0012193264,521.7899,1.6946388,364.0933,362.39865,0.01291715431213379,23780.50927710533,815000
76.410126,0.13758723,-8.828835,0.36933166,1.0,146.49973,-81.440315,580.8738,337.27115,1150.3196,191.2854,0.59789234,0.050459605,2.769734,0.6826916,0.0006806138,508.62686,-0.23376693,362.70248,362.93625,79.54083,0.18167043,-8.905905,0.38859922,1.0,333.17047,1184.3647,199.46533,0.47395575,0.057180792,2.5260901,0.65902036,0.0008759812,508.63852,-3.6524272,358.6024,362.25482,0.012914155006408691,23845.080054283142,820000
90.74761,0.19074892,-8.830005,0.36962426,1.0,165.5991,-179.93915,807.5487,335.09918,1125.7646,198.55359,2.152923,0.051780276,2.3528287,0.6778419,0.0013937136,509.71265,-0.9074288,360.5848,361.49225,88.97186,0.18671155,-8.853451,0.37548587,1.0,336.72406,1134.031,190.68446,1.9498122,0.059816673,3.032947,0.6795118,0.0014740593,509.69272,-5.0034866,362.2087,367.2122,0.012942742252349853,23909.793768167496,825000
86.90343,0.19791576,-8.847458,0.37398735,1.0,120.4999,-129.03928,671.0425,336.9488,1170.2764,192.58136,0.8764748,0.04856991,2.3464553,0.69245934,0.0009794714,507.70175,0.72605944,362.3339,361.60782,83.428925,0.17226517,-8.842691,0.37279588,1.0,336.77426,1129.1759,195.42809,2.0625312,0.04527826,2.253111,0.68567103,0.0016667586,507.6393,2.396942,362.15622,359.75928,0.012932227754592896,23974.454909324646,830000
82.164795,0.16926768,-8.810574,0.3647663,1.0,201.20363,-206.61346,919.17834,339.99164,1159.0247,191.20291,1.2005486,0.051490225,2.5435624,0.67880046,0.001183143,508.83865,-0.7582837,365.4336,366.19186,80.77239,0.1680448,-8.949562,0.39951348,1.0,337.2112,1164.8214,190.14389,0.9466366,0.046689674,2.504952,0.6719047,0.0009781321,508.84958,1.6844583,362.6537,360.96924,0.012931572198867798,24039.11277270317,835000
79.38461,0.17272861,-8.822284,0.36769396,1.0,151.07439,-177.73572,850.6149,345.636,1162.9307,179.95856,0.06565098,0.056213416,2.8114223,0.6787592,0.0005244711,509.71677,-3.167082,371.12183,374.2889,81.16083,0.2023952,-8.860004,0.3771242,1.0,335.94086,1198.2018,193.73856,1.5446072,0.04919771,2.3180208,0.6653851,0.0019751268,509.78314,0.40899375,361.43002,361.02103,0.012950789260864258,24103.8667242527,840000
77.15544,0.14227316,-8.828814,0.3693262,1.0,184.71536,-189.235,809.98083,336.8713,1167.5609,197.07687,1.3623922,0.051506963,2.6214445,0.65771914,0.0015078193,509.25546,-0.7674286,362.33408,363.1015,85.250275,-0.20332772,-8.864973,0.37836605,1.0,338.6447,1174.572,189.31934,0.8814615,0.084998295,6.742464,0.68736917,0.001647964,509.2683,-17.823523,364.10812,381.93164,0.012947706508636475,24168.605258226395,845000
89.20152,0.18987946,-8.820269,0.36719027,1.0,161.51486,-265.25394,908.4389,336.55725,1197.4459,198.16812,2.821661,0.045542564,2.3404026,0.6729923,0.00088727236,508.51797,2.2666867,361.98315,359.71646,81.91874,0.19733554,-8.86335,0.37796026,1.0,336.67737,1216.9214,192.81438,1.3361562,0.04670021,2.8009677,0.67561936,0.0013315481,508.52527,1.6780273,362.10364,360.4256,0.01296658034324646,24233.438161849976,850000
92.96092,0.20606136,-8.8344,0.37072283,1.0,105.66733,-150.52034,646.1873,343.54807,1153.8247,182.46042,1.6454438,0.05039425,2.4795578,0.69404423,0.002349532,513.5032,-0.20244732,369.2232,369.42566,85.46696,0.17256233,-8.864757,0.3783121,1.0,338.8271,1102.7625,189.14838,0.5762553,0.054200165,2.4767964,0.68522924,0.0021319427,513.5052,-2.1568062,364.50235,366.65915,0.012954549598693847,24298.210914611816,855000
79.722595,0.14832464,-8.8294115,0.3694759,1.0,105.512695,-221.30327,721.6956,333.9513,1141.656,201.17017,1.2285737,0.047816288,2.6029036,0.6727602,0.0018377205,509.4777,1.1125531,359.42517,358.31262,92.25898,0.21617877,-8.881285,0.38244414,1.0,338.34857,1115.1062,186.943,0.46547124,0.05856766,3.2790527,0.7013435,0.0022557515,509.48032,-4.3650546,363.8226,368.18765,0.012949649715423584,24362.9591653347,860000
82.96549,0.15165296,-8.854631,0.37578082,1.0,140.03423,-68.85465,565.7367,337.471,1181.4188,193.06131,1.6930972,0.04119124,2.2752047,0.66842335,0.0006315241,508.7899,4.481809,362.9105,358.42868,84.18175,0.20523596,-8.867454,0.37898642,1.0,339.10156,1211.1375,189.85693,0.0387355,0.04516108,2.5462852,0.66692793,0.00053082977,508.72464,2.4616785,364.53778,362.0761,0.012943602466583251,24427.67717909813,865000
81.900955,0.17113978,-8.845915,0.37360165,1.0,139.39801,-113.96233,531.70703,338.48053,1203.8523,192.8691,1.3474635,0.045923177,2.4961932,0.673388,0.0014664875,510.00174,2.0791872,363.98062,361.90143,77.77124,0.15463029,-8.886957,0.38386208,1.0,333.69946,1176.5654,200.83154,1.66232,0.0583018,3.2628033,0.6633865,0.0010952003,510.0219,-4.234099,359.20056,363.43466,0.012942814207077026,24492.391253232956,870000
85.11728,0.18714768,-8.832746,0.37030935,1.0,78.05814,-64.28246,518.652,340.63974,1173.1587,190.02563,0.45148635,0.054772124,3.9827642,0.68785596,0.0025438592,508.96292,-2.4288337,366.0879,368.51672,83.53609,0.18262592,-8.915461,0.390988,1.0,331.77872,1181.9365,205.48535,0.6976523,0.049720056,2.3641236,0.67497045,0.0025139288,508.99374,0.14248994,357.2284,357.0859,0.010445699405670167,24544.619751930237,875000
84.2205,0.15931928,-8.839357,0.37196213,1.0,100.34638,-65.027405,456.1578,336.7887,1161.9092,196.45836,0.1466223,0.048230715,2.488536,0.6777279,0.0008434087,508.567,0.89980024,362.21707,361.31726,84.385216,0.19079104,-8.844077,0.3731423,1.0,337.52664,1175.0093,192.83807,1.2299321,0.04829934,2.3267677,0.6800327,0.0009915231,508.60434,0.8649641,362.95685,362.0919,0.009207173538208008,24590.655621528625,880000
82.63164,0.18705513,-8.846077,0.37364203,1.0,96.535,-152.45956,591.62305,338.4613,1187.1865,195.10931,2.0569777,0.042834096,2.367776,0.6733134,0.0012408849,508.52115,3.6440144,363.88736,360.24335,90.35651,0.1871807,-8.868714,0.3793016,1.0,338.91122,1156.1946,192.19951,1.952216,0.06409252,4.0000205,0.6848247,0.0023953007,508.51508,-7.166257,364.33698,371.50323,0.010453706693649293,24642.924156427383,885000
76.17231,0.14390017,-8.862007,0.37762487,1.0,149.78409,-122.01379,712.0651,335.0445,1132.2102,197.58719,1.3795543,0.06009239,2.7823067,0.67212814,0.0016365483,513.1654,-5.1790648,360.70276,365.88184,87.967186,0.18958755,-8.879801,0.3820731,1.0,335.7076,1102.1951,192.41457,1.4151971,0.05946456,2.5141113,0.6839847,0.002507943,513.1644,-4.8568745,361.36584,366.22272,0.012932252597808837,24707.585421800613,890000
81.29007,0.17484596,-8.838362,0.3717134,1.0,136.44388,-106.758156,724.66583,334.06183,1173.7516,198.79016,2.5397093,0.06590798,3.9202724,0.6897427,0.0015419393,508.83698,-8.094566,359.50366,367.59824,82.66084,0.17956842,-8.889784,0.38456896,1.0,332.9265,1201.3136,206.03021,1.6864812,0.046609297,2.3429224,0.67722,0.0027329472,508.88452,1.7254765,358.37073,356.64526,0.009213586616516114,24753.65335702896,895000
86.14679,0.21947297,-8.763063,0.352889,1.0,120.50941,-77.63308,599.07776,336.22473,1156.6031,196.3836,1.3270756,0.045486517,2.6037188,0.6621772,0.001322019,508.94592,2.2971191,361.67203,359.3749,85.17728,0.16791573,-8.862966,0.3778644,1.0,337.83258,1186.4293,192.86615,1.2838635,0.05541933,2.3743658,0.6846509,0.0013171075,508.92526,-2.7580333,363.27884,366.03687,0.009204923343658447,24799.677975654602,900000
77.90994,0.20537844,-8.827221,0.3689281,1.0,266.38568,-213.0648,854.5312,338.0962,1210.6946,193.78325,0.62763536,0.041383132,2.4838767,0.66123277,0.00089377083,512.10815,4.4127684,363.7016,359.28882,94.6698,0.20223078,-8.875419,0.38097775,1.0,338.06143,1149.6063,190.14838,0.055176605,0.06195055,3.2260568,0.6864575,0.003986297,512.149,-6.1204615,363.66888,369.78934,0.21576387667655944,25878.497363328934,905000
78.940254,0.11925,-8.822483,0.3677439,1.0,122.19217,-139.46326,667.7107,337.0281,1162.3794,198.29797,0.29946122,0.04582715,2.2869742,0.6706923,0.0016161681,509.02115,2.1240692,362.4792,360.3551,86.21596,0.19817927,-8.899447,0.38698497,1.0,338.02026,1218.7618,186.44646,2.023122,0.042455155,2.3591566,0.67660546,0.0011790831,508.97577,3.8401434,363.46906,359.6289,0.014884958505630493,25952.922159433365,910000
87.78787,0.18294421,-8.832384,0.37021887,1.0,136.46587,-155.6705,681.83044,334.11307,1198.0396,201.03453,0.9940109,0.05790072,2.928111,0.6849715,0.0028248092,507.8824,-4.0126357,359.5072,363.51984,80.52536,0.15643048,-8.855177,0.37591735,1.0,333.63043,1197.8253,201.81168,0.9032448,0.05750985,2.7536042,0.6833688,0.0021220115,507.8819,-3.814117,359.02454,362.83865,0.012924580192565918,26017.545061826706,915000
78.877144,0.16815129,-8.864494,0.37824655,1.0,201.14618,-255.9552,922.9706,332.2931,1217.6204,201.40648,2.306437,0.04339035,2.8547935,0.67079633,0.00078518584,508.67877,3.3621898,357.72702,354.36484,90.03709,0.23000717,-8.86891,0.37935027,1.0,333.04382,1223.7933,205.8577,2.8756504,0.051495936,2.3703046,0.70100987,0.00097474793,508.68823,-0.7609645,358.47824,359.2392,0.012919121980667114,26082.140673160553,920000
94.33302,0.20408927,-8.831689,0.37004524,1.0,76.18981,-76.52634,524.06494,342.91467,1218.9395,186.07956,1.3259984,0.055452622,2.47221,0.6941811,0.002056976,508.93793,-2.775046,368.36157,371.13663,84.56363,0.14517882,-8.876301,0.38119814,1.0,338.25543,1203.6255,189.73386,1.5077281,0.057940472,2.3971603,0.6833825,0.00065312476,508.9355,-4.041188,363.7022,367.7434,0.0129383056640625,26146.832203388214,925000
85.1356,0.18320376,-8.853495,0.37549657,1.0,242.62636,-242.4622,909.8603,338.72894,1197.2341,195.07513,2.14653,0.052149363,2.3131397,0.67594355,0.0006762265,506.64322,-1.0889597,364.0611,365.15005,80.57565,0.19417125,-8.864794,0.37832153,1.0,336.09155,1175.1624,193.6579,1.5428714,0.04124303,2.6006298,0.65663314,0.0007217491,506.62485,4.436498,361.4228,356.9863,0.012956273460388183,26211.613571882248,930000
79.83176,0.16619179,-8.824932,0.36835593,1.0,193.94745,-178.08223,639.85455,333.2612,1207.2876,209.77304,2.2701201,0.04710968,2.4661133,0.66598344,0.0014837463,507.19168,1.4659475,358.6208,357.15485,87.05899,0.15957533,-8.898196,0.38667205,1.0,331.7005,1180.2607,198.40762,0.14874612,0.047445435,2.5408528,0.68052286,0.0025249878,507.21466,1.2957132,357.06125,355.76553,0.01297373242378235,26276.482236146927,935000
79.26846,0.17579621,-8.794323,0.36070362,1.0,215.54753,-167.9855,794.69775,339.24353,1218.2222,199.98833,0.8321358,0.046495534,2.3979764,0.6830323,0.0032440822,509.5729,1.785781,364.72217,362.9364,73.81093,0.13552682,-8.88827,0.3841906,1.0,336.5756,1224.86,199.1572,0.29616553,0.042970043,2.9913716,0.6466403,0.000822661,509.63632,3.582722,362.0574,358.47467,0.01298967113494873,26341.43059372902,940000
69.11651,0.16806313,-8.83644,0.37123293,1.0,123.21913,-95.61317,571.7431,344.1399,1082.0785,181.44693,1.1086766,0.032660313,2.2672064,0.6540593,0.0016038656,529.8298,9.187083,370.63138,361.4443,80.73676,0.13909866,-8.928404,0.39422417,1.0,337.29034,1062.876,188.58662,1.1686335,0.043481387,2.4679859,0.6606045,0.0023864142,529.827,3.4537377,363.7817,360.32797,0.012983524799346923,26406.348219394684,945000
80.34858,0.1737281,-8.875909,0.38110003,1.0,134.74773,-144.89838,637.8027,341.66803,1071.6248,181.14342,0.40676615,0.04565364,2.159151,0.6672335,0.00050170155,526.6751,2.2891195,368.0018,365.71268,81.019424,0.1728552,-8.851142,0.37490836,1.0,342.43204,1065.6484,180.54868,0.8812485,0.05348991,2.614817,0.6778765,0.0042348388,526.6746,-1.8380458,368.76578,370.60382,0.012984374523162841,26471.270093679428,950000
78.286865,0.15701154,-8.862799,0.37782252,1.0,139.50171,-83.25105,559.381,343.40024,1054.439,181.34857,1.406174,0.043425724,2.2617698,0.6607937,0.0008458949,517.1678,3.4000041,369.2586,365.8586,87.06473,0.17484865,-8.902326,0.38770425,1.0,342.35797,1049.1262,181.13324,0.687745,0.053213734,2.8436759,0.6609478,0.0012278378,517.1655,-1.6620321,368.21628,369.8783,0.012991737794876099,26536.228784561157,955000
90.74739,0.17411068,-8.818248,0.36668482,1.0,214.14539,-185.28755,983.7589,331.36987,1098.0514,201.93704,0.52145505,0.058955308,2.605545,0.67929775,0.0020056646,506.6872,-4.5375395,356.70422,361.24176,93.799324,0.2195208,-8.849828,0.37457985,1.0,332.36258,1128.833,199.58376,0.94739074,0.07226898,4.539522,0.69547427,0.00042554995,506.74518,-11.284697,357.69983,368.98453,0.012984879302978515,26601.15318250656,960000
86.94884,0.1680023,-8.855373,0.37596643,1.0,103.36226,-77.981865,598.4144,337.04407,1043.5483,190.82948,0.826606,0.048628762,2.4804034,0.6685996,0.0021295156,516.6465,0.7084455,362.87637,362.16794,81.98448,0.18937567,-8.906609,0.3887753,1.0,334.3222,1068.8894,196.06232,1.6282812,0.042746756,2.1420798,0.658494,0.0022165286,516.643,3.747338,360.15436,356.407,0.012990998077392579,26666.108174085617,965000
84.90669,0.21687803,-8.808812,0.364326,1.0,105.428665,-65.29494,512.2771,336.70825,1046.327,190.7027,0.17864709,0.04050004,2.33336,0.6740701,0.0053498885,517.1064,4.91249,362.56357,357.6511,87.756996,0.17477405,-8.925796,0.39357194,1.0,334.32724,1056.3394,197.36668,0.97569525,0.04407541,2.1922576,0.6716187,0.0012954561,517.1047,3.0636332,360.18246,357.11884,0.010052533197402954,26716.37084364891,970000
88.03241,0.20486616,-8.848712,0.37430093,1.0,295.29608,-153.8839,852.8522,337.74487,1127.6785,193.61375,2.2234187,0.05044197,2.416516,0.68421507,0.00077084365,510.16956,-0.22547884,363.25336,363.47882,81.73769,0.18417245,-8.945013,0.39837644,1.0,341.36157,1120.437,188.57663,0.12969697,0.049029365,2.9217489,0.66276157,0.0011557614,510.14377,0.49516368,366.86877,366.3736,0.009233599376678467,26762.538841962814,975000
85.231964,0.16091798,-8.820134,0.36715657,1.0,177.74405,-140.82474,713.64044,342.617,1045.6342,184.38231,0.41614732,0.054681048,2.745467,0.692489,0.0012021818,520.8995,-2.438355,368.662,371.10034,75.346535,0.151487,-8.873859,0.38058767,1.0,341.0902,1059.7727,183.87988,0.06273525,0.0392054,2.6491337,0.66579986,0.0013807988,520.8985,5.6228924,367.13513,361.51224,0.009231600618362427,26808.696846723557,980000
83.81696,0.17329502,-8.87432,0.38070297,1.0,88.20507,-74.203476,569.76013,333.80762,1122.3248,198.21039,0.7596389,0.05476526,2.5906796,0.6754365,0.0010062604,510.00708,-2.430317,359.30795,361.73828,84.073685,0.18281034,-8.92223,0.39268023,1.0,330.2807,1127.214,204.9321,0.8864057,0.06388781,3.6444092,0.6709029,0.0013126845,509.99005,-7.082646,355.7802,362.86285,0.009126585292816162,26854.32977461815,985000
84.20161,0.17238572,-8.855581,0.3760183,1.0,136.84543,-137.42027,738.4775,334.87567,1130.5839,194.56082,1.4953127,0.05230222,2.5783875,0.67166114,0.00082859566,512.5885,-1.1800905,360.5051,361.68518,80.683205,0.16357085,-8.887873,0.38409087,1.0,333.10864,1133.2104,201.04338,1.0617154,0.06072956,2.846314,0.6740838,0.0014827729,512.6029,-5.500003,358.7388,364.2388,0.008882169675827027,26898.740625858307,990000
83.67009,0.14795661,-8.820384,0.36721915,1.0,146.95692,-154.73657,682.2998,332.54706,1139.4951,201.45044,0.3469665,0.052363515,2.3737137,0.6895799,0.0015530108,510.6035,-1.2068186,358.07724,359.28406,82.726456,0.16354147,-8.900492,0.38724583,1.0,330.29868,1175.9927,209.43518,0.65098536,0.051265236,3.0693603,0.67843425,0.004102631,510.622,-0.64605695,355.82977,356.47583,0.008877595853805542,26943.128608226776,995000
87.95314,0.16447338,-8.809125,0.3644041,1.0,112.46722,-209.2452,877.6347,338.7158,1181.018,191.36325,0.5981474,0.046602458,2.5683653,0.689021,0.0019175475,507.2705,1.7234733,364.0793,362.35583,82.188965,0.15454207,-8.890005,0.38462424,1.0,331.71082,1152.8234,207.44662,1.0228219,0.054228373,3.8564079,0.6676853,0.0017111629,507.28818,-2.145003,357.07523,359.2202,0.0088806170463562,26987.53169488907,1000000
