training/actor/actor_loss,training/actor/adv,training/actor/bc_log_prob,training/actor/mse,training/actor/std,training/grad/max,training/grad/min,training/grad/norm,training/value/v_max,training/value/v_mean,training/value/v_min,training/value/value_loss,validation/actor/actor_loss,validation/actor/adv,validation/actor/bc_log_prob,validation/actor/mse,validation/actor/std,validation/value/v_max,validation/value/v_mean,validation/value/v_min,validation/value/value_loss,time/epoch_time,time/total_time,step
28.065216,0.0005110963,-9.793861,0.61058813,1.0,0.97011757,-0.93106574,30.725307,2.0988283,0.06568046,-2.3249464,0.42623797,22.3646,-0.008594386,-9.784071,0.6081407,1.0,2.0636559,-1.3707061,-4.813441,1.8247939,0.007855111026763915,39.275574684143066,1
87.745155,0.087271295,-9.44536,0.52346313,1.0,1.6976416,-1.6908973,43.127335,0.61699456,-12.620699,-25.090054,0.19376345,90.1019,0.117261514,-9.489376,0.5344671,1.0,0.6504744,-12.632042,-25.106453,0.2666819,0.2370759774684906,1224.6555314064026,5000
107.619965,0.112664975,-9.4634495,0.5279854,1.0,3.2160578,-4.2140303,79.9055,0.4068433,-17.83829,-42.814465,0.3747384,104.46495,0.07703278,-9.49255,0.53526044,1.0,0.49214146,-18.373085,-42.7948,0.29077995,0.23834716491699218,2416.391496658325,10000
106.65127,0.12582062,-9.406378,0.5137173,1.0,4.1733103,-3.9130092,65.757515,0.38492447,-23.37534,-57.513687,0.30928606,114.611565,0.13158758,-9.465135,0.5284066,1.0,0.57035416,-22.185036,-57.419174,0.3011926,0.13597653980255128,3096.274340391159,15000
104.34848,0.10811204,-9.490505,0.53474915,1.0,4.9610205,-4.6124716,91.83501,0.317079,-23.313608,-69.10585,0.2962106,107.13765,0.12414635,-9.433512,0.52050096,1.0,0.3756125,-24.739735,-69.05798,0.32329178,0.004371098375320435,3118.129858970642,20000
99.591446,0.09784983,-9.50406,0.5381379,1.0,3.8808718,-4.822796,72.725945,0.32848626,-25.757244,-78.20643,0.28361627,101.79266,0.09800316,-9.441514,0.52250147,1.0,0.45906445,-26.741716,-78.132126,0.28302723,0.13498179726600648,3793.0390243530273,25000
110.038765,0.16444397,-9.479913,0.53210104,1.0,3.755445,-5.535214,85.46221,0.36069858,-28.717995,-85.020905,0.3113683,104.2215,0.11942056,-9.463185,0.5279193,1.0,0.40434617,-27.021114,-84.98831,0.27765912,0.004363191986083984,3814.8550159931183,30000
102.15306,0.137097,-9.452424,0.5252291,1.0,3.033978,-2.8481042,62.600826,0.3547932,-27.37336,-89.79021,0.21935642,100.16006,0.09903802,-9.434168,0.52066493,1.0,0.40433854,-27.070621,-89.47864,0.30277896,0.13549110889434815,4492.310828208923,35000
115.85825,0.13827938,-9.425774,0.5185663,1.0,4.2685003,-3.2336905,72.274086,0.32608303,-28.589367,-93.25395,0.26822948,103.8524,0.10491915,-9.441107,0.5223997,1.0,0.35041237,-27.717743,-92.997986,0.27534646,0.00436768159866333,4514.149262189865,40000
93.80528,0.09316981,-9.495649,0.5360355,1.0,3.851481,-3.5562735,66.32666,0.36533424,-30.334112,-95.38835,0.2935779,100.59804,0.117977664,-9.498224,0.53667915,1.0,0.32821953,-28.704971,-95.31809,0.25104555,0.13509287004470824,5189.613901615143,45000
120.867226,0.16400777,-9.432121,0.5201534,1.0,3.176496,-4.014559,81.11195,0.39788756,-28.415546,-96.48984,0.36846745,99.677,0.094948545,-9.475298,0.53094745,1.0,0.30497193,-28.227299,-96.412476,0.2659768,0.004365128755569458,5211.439575433731,50000
104.88399,0.1126553,-9.487284,0.53394383,1.0,4.3659782,-4.1006165,73.58301,0.58415663,-25.672953,-97.46011,0.26041147,109.94304,0.12825327,-9.428175,0.5191667,1.0,1.1212152,-28.08604,-97.711334,0.23479326,0.16515581216812134,6037.218733072281,55000
98.937454,0.12906131,-9.448555,0.52426136,1.0,2.8338568,-2.5743449,66.31066,0.3774788,-27.44016,-97.33281,0.3335926,100.04243,0.12595811,-9.4624195,0.5277279,1.0,0.3377148,-27.122728,-97.01451,0.24907452,0.0043643948554992675,6059.04073548317,60000
98.62483,0.10513,-9.461321,0.5274532,1.0,3.8931696,-4.504136,72.71259,0.27000588,-28.895018,-96.40535,0.24518725,109.85555,0.17620136,-9.438205,0.52167416,1.0,0.3556502,-30.382006,-98.03496,0.30269808,0.004364311122894287,6080.862319469452,65000
106.61783,0.12907201,-9.448722,0.52430344,1.0,5.1707215,-4.2787704,84.37047,0.48836404,-27.148422,-98.03759,0.3319478,100.930954,0.14833534,-9.486301,0.53369844,1.0,0.33376715,-28.570196,-96.841385,0.24198076,0.004363508129119873,6102.679890632629,70000
116.22409,0.17035988,-9.374591,0.50577056,1.0,3.140204,-3.5244753,68.49162,0.58943295,-28.901577,-96.46829,0.2882019,91.35492,0.08234367,-9.484318,0.53320235,1.0,0.28356987,-26.827417,-97.271545,0.26388317,0.004363931894302368,6124.4995794296265,75000
101.444885,0.13606322,-9.454268,0.52568996,1.0,3.8287039,-4.2891827,62.961563,0.2976983,-29.53051,-97.369354,0.24496734,108.24078,0.15280244,-9.485906,0.5335995,1.0,0.28405493,-27.577868,-96.75375,0.2123782,0.16387327065467835,6943.866015911102,80000
102.69771,0.124341905,-9.511792,0.5400709,1.0,3.9191017,-3.4231558,68.98927,0.6026582,-28.276302,-96.45946,0.23323098,101.38705,0.07676189,-9.480607,0.53227466,1.0,0.391687,-27.034603,-95.30151,0.293137,0.004364555883407593,6965.68881893158,85000
97.13046,0.08538948,-9.486948,0.5338601,1.0,3.1421206,-3.0599854,61.329803,0.373973,-27.823929,-96.16683,0.25978005,100.68182,0.115116745,-9.48427,0.5331906,1.0,0.36762035,-27.866661,-97.697845,0.24597533,0.004400405263900757,6987.690866947174,90000
99.701355,0.123535976,-9.433805,0.52057445,1.0,3.5088482,-2.7185159,63.323715,0.36391485,-26.779089,-96.0685,0.23256764,104.50058,0.10677567,-9.486942,0.5338584,1.0,0.27975464,-28.05043,-96.95488,0.23690456,0.004423002004623413,7009.805914402008,95000
117.479744,0.15602136,-9.420077,0.5171423,1.0,4.599967,-4.5016766,74.09623,0.36597663,-28.701424,-96.41515,0.23459563,102.2343,0.11537715,-9.504087,0.5381447,1.0,0.30903894,-25.963646,-95.9007,0.32360873,0.004364180278778076,7031.626843452454,100000
101.58305,0.13319325,-9.495195,0.5359217,1.0,3.8037593,-5.925904,80.90522,0.37404537,-29.051006,-95.52779,0.25934273,91.58693,0.09952481,-9.42383,0.51808035,1.0,0.3605789,-27.951485,-96.72357,0.22153631,0.2133053795814514,8098.1539533138275,105000
97.630936,0.06529248,-9.493639,0.5355327,1.0,7.3556314,-4.4419246,78.83463,0.3848573,-28.62422,-96.77396,0.25365138,113.56598,0.19108398,-9.49838,0.536718,1.0,0.44330376,-28.907814,-96.71327,0.28267613,0.004374312496185303,8120.025557518005,110000
100.43794,0.13054322,-9.459061,0.5268879,1.0,5.0826283,-4.0430255,71.6669,0.5271115,-26.76361,-96.9121,0.2540996,86.451035,0.09588587,-9.511618,0.5400276,1.0,0.35382378,-27.066427,-96.90149,0.28854638,0.004370710515975952,8141.8791337013245,115000
106.55494,0.13738622,-9.448527,0.52425504,1.0,3.4747252,-2.3748872,63.41499,0.43605214,-27.331322,-95.8241,0.25178972,97.40781,0.13694224,-9.461597,0.52752244,1.0,0.310454,-28.232414,-96.75062,0.24229819,0.004370674705505371,8163.732535600662,120000
102.90523,0.082565665,-9.494901,0.5358481,1.0,4.6558723,-4.2222195,70.28241,0.3105796,-29.831825,-96.41163,0.23143855,100.30551,0.09354015,-9.503473,0.5379915,1.0,0.2631281,-27.784187,-96.34778,0.2876858,0.004370112705230713,8185.5831344127655,125000
104.63115,0.14456116,-9.483303,0.5329487,1.0,4.81213,-4.3618126,69.16492,0.34942135,-29.537132,-95.99342,0.2357084,108.51683,0.1538249,-9.546681,0.5487933,1.0,0.33883592,-29.036293,-96.416245,0.26197243,0.004370044374465943,8207.433393239975,130000
94.531296,0.1146293,-9.442167,0.5226647,1.0,3.212594,-3.1720536,60.966084,0.46524745,-28.572052,-96.8252,0.2676409,107.30691,0.10450357,-9.476699,0.53129774,1.0,0.35030472,-28.795603,-96.536476,0.25535598,0.004381031894683838,8229.338578939438,135000
102.65742,0.11351779,-9.563324,0.55295384,1.0,2.758443,-4.2798653,70.33734,0.2584533,-28.79269,-96.831894,0.37929457,106.98095,0.13326664,-9.454323,0.52570385,1.0,0.40688744,-28.310726,-96.2704,0.23423794,0.004372007465362549,8251.19864654541,140000
102.330765,0.12996456,-9.438005,0.5216243,1.0,3.7243829,-4.239833,63.86482,0.36080152,-29.021008,-96.19696,0.22794189,105.438934,0.11085181,-9.518486,0.5417445,1.0,0.2691453,-29.882114,-96.57237,0.2627507,0.004380993890762329,8273.103661298752,145000
101.078705,0.120976396,-9.428177,0.51916736,1.0,5.723379,-3.2221072,69.42868,0.29653764,-28.24921,-96.85007,0.25712958,105.25118,0.10594444,-9.479758,0.53206253,1.0,0.25196493,-27.025978,-96.426865,0.26288736,0.004372151184082031,8294.964488506317,150000
97.13513,0.13480556,-9.517507,0.5414995,1.0,3.9217684,-3.4126194,77.717926,0.2884191,-29.175707,-96.08184,0.27557978,98.79544,0.122117646,-9.476271,0.5311909,1.0,0.40394217,-27.66626,-97.06764,0.28026384,0.211262663936615,9351.277894735336,155000
99.976105,0.11750905,-9.516717,0.5413022,1.0,4.47657,-5.7843685,84.260315,0.3040281,-28.081306,-97.40208,0.32229534,98.93315,0.09772897,-9.569789,0.5545701,1.0,0.2541236,-29.111416,-97.20949,0.31463143,0.0043791562557220455,9373.173711061478,160000
99.8073,0.1586239,-9.403793,0.5130714,1.0,4.0292563,-3.6300485,63.646362,0.27448705,-28.624556,-97.78442,0.23008037,108.94933,0.118884206,-9.516447,0.5412344,1.0,0.23070812,-28.493374,-96.90152,0.34656394,0.004367229223251343,9395.009884119034,165000
100.21544,0.15014134,-9.426631,0.5187807,1.0,4.067072,-3.1397188,65.9454,0.61503565,-27.074892,-97.07057,0.254768,119.87629,0.1551447,-9.5125675,0.5402647,1.0,0.28208143,-28.820189,-96.91353,0.27206272,0.0043789901733398435,9416.904868364334,170000
109.00969,0.14784583,-9.439796,0.52207226,1.0,5.3065996,-3.8746595,67.42002,0.33127174,-27.959282,-96.24214,0.2289709,114.566086,0.13474071,-9.463682,0.5280434,1.0,0.3638598,-28.309006,-96.90513,0.3012622,0.004368160057067871,9438.745707273483,175000
109.75838,0.17060962,-9.484499,0.5332478,1.0,3.680835,-2.3021138,68.068016,0.26840788,-28.825222,-96.22575,0.3015461,113.74472,0.15504032,-9.465891,0.5285957,1.0,0.2719164,-29.057985,-95.85446,0.28900057,0.0043677256584167485,9460.584367990494,180000
96.16488,0.11907178,-9.46369,0.5280455,1.0,6.0588427,-4.427029,65.372406,0.6052137,-30.217241,-96.271805,0.22526002,98.55037,0.11488221,-9.500385,0.53721935,1.0,0.32275087,-30.672794,-96.16394,0.25230363,0.004367758178710938,9482.423219919205,185000
107.66017,0.15866074,-9.470777,0.5298171,1.0,2.8717444,-3.3242831,65.42894,0.24009757,-29.62579,-97.534294,0.28002006,102.991135,0.12434606,-9.421964,0.51761377,1.0,0.222739,-28.313545,-95.59685,0.2465558,0.00436768946647644,9504.261697530746,190000
96.31773,0.12414236,-9.4737625,0.5305638,1.0,3.9143286,-4.6706514,68.223,0.28818613,-27.791945,-96.946335,0.30943096,101.95174,0.12603603,-9.50778,0.53906804,1.0,0.6187228,-27.51679,-97.11118,0.2870487,0.00436840238571167,9526.103759527206,195000
89.97713,0.111917675,-9.457875,0.5265919,1.0,3.9520323,-3.006115,57.325584,0.35518235,-29.28898,-96.18908,0.2530725,102.592606,0.1347906,-9.494465,0.5357391,1.0,0.4563699,-29.377893,-95.647934,0.2285048,0.004368124771118164,9547.944407701492,200000
103.75871,0.10949081,-9.457804,0.5265741,1.0,3.9151483,-2.80586,64.51695,0.38816482,-29.965908,-96.1783,0.27628246,109.10208,0.16158216,-9.444045,0.52313423,1.0,0.3014975,-28.59639,-96.93623,0.30943418,0.2871559784889221,10983.724364757538,205000
89.070656,0.06190164,-9.50371,0.5380505,1.0,5.5719204,-4.859592,64.21845,0.24516252,-29.506954,-96.268,0.24408844,116.69147,0.11377915,-9.485298,0.5334476,1.0,0.38248193,-28.59574,-96.64952,0.3967117,0.012378331422805786,11045.616057157516,210000
111.37929,0.18047146,-9.489332,0.5344561,1.0,5.062573,-7.55587,89.96759,0.24010526,-29.101822,-96.307526,0.3497932,112.355034,0.16168469,-9.479521,0.53200316,1.0,0.36852705,-28.544506,-95.77947,0.28219616,0.012399213027954102,11107.612163305283,215000
118.26065,0.19561313,-9.439026,0.5218797,1.0,4.834702,-4.7604876,71.205246,0.7928835,-28.457792,-96.62695,0.33245826,101.34117,0.12315986,-9.48311,0.53290075,1.0,0.2982367,-29.33928,-96.79884,0.2310965,0.012426476049423218,11169.744593143463,220000
93.90441,0.0956388,-9.4561405,0.52615815,1.0,2.5687296,-2.9320822,62.525604,0.3215137,-28.85114,-97.6967,0.33163548,90.610085,0.056459963,-9.4713955,0.52997184,1.0,0.20359047,-29.163265,-95.87344,0.23870234,0.009253281593322754,11216.011026620865,225000
100.18518,0.11521913,-9.508652,0.5392858,1.0,7.2932673,-6.5338,75.496506,0.1686962,-27.257393,-97.16584,0.26851904,105.81126,0.13126142,-9.490099,0.5346475,1.0,0.16187415,-28.269484,-96.27127,0.23390976,0.004682767105102539,11239.424897432327,230000
109.360504,0.18137613,-9.456294,0.52619636,1.0,9.170014,-6.1235456,86.69359,0.31232932,-27.016888,-96.278915,0.27008885,102.71073,0.11207496,-9.455505,0.5259992,1.0,0.37764415,-29.123943,-96.47665,0.22620706,0.004339175987243652,11261.1208152771,235000
112.55882,0.15643823,-9.417639,0.51653266,1.0,3.272674,-6.1340137,71.910034,0.22064334,-27.405972,-96.359665,0.26433325,95.14269,0.099211484,-9.52845,0.54423535,1.0,0.4239723,-29.582874,-95.95401,0.2020613,0.004350069665908813,11282.871217012405,240000
99.0022,0.1353696,-9.443846,0.5230844,1.0,3.6342359,-6.3525877,66.86986,0.35608247,-28.576035,-97.57437,0.2204315,100.8543,0.12384908,-9.513519,0.5405027,1.0,0.2812214,-28.448664,-96.93672,0.24227297,0.004363865184783935,11304.690574645996,245000
98.508675,0.12056794,-9.490989,0.53487015,1.0,2.9137223,-3.9888077,60.034184,0.43315732,-28.043758,-96.025986,0.2374437,100.19618,0.14798766,-9.485348,0.53345996,1.0,0.320785,-27.693243,-96.09827,0.2637595,0.00436259036064148,11326.503556013107,250000
103.74053,0.1157966,-9.434242,0.5206835,1.0,4.058236,-4.791729,68.003586,0.24602516,-28.583603,-96.87689,0.25376767,98.433685,0.1167388,-9.466424,0.5287289,1.0,0.22634216,-26.448055,-96.51451,0.23569283,0.004363276624679565,11348.319987535477,255000
98.311935,0.15746671,-9.433868,0.5205901,1.0,3.973179,-4.7836456,65.74792,0.5787108,-28.881432,-97.838165,0.22629571,105.367744,0.1591616,-9.446077,0.5236422,1.0,0.38857687,-29.120907,-96.632195,0.2118893,0.004363612508773804,11370.138097524643,260000
98.97414,0.07061565,-9.521206,0.54242456,1.0,5.070905,-3.2116795,67.78399,0.29557508,-30.278587,-96.49619,0.2350134,100.95711,0.09690756,-9.530607,0.54477453,1.0,0.3463279,-30.897001,-96.75778,0.24153541,0.004363961982727051,11391.957929611206,265000
103.4069,0.13028687,-9.4529085,0.52535003,1.0,4.201039,-4.3582783,66.64695,0.5091307,-27.849127,-96.19843,0.24923685,92.04178,0.05748304,-9.510457,0.5397372,1.0,0.4429233,-28.677479,-97.102066,0.23585907,0.004364611864089965,11413.781045675278,270000
108.88925,0.15363455,-9.4426365,0.5227822,1.0,3.6833305,-5.348374,72.00299,0.28440785,-29.360798,-96.843414,0.22324127,99.276825,0.0870485,-9.520685,0.54229426,1.0,0.30468914,-30.458046,-96.30286,0.24081756,0.004364168500900268,11435.601922035217,275000
113.11687,0.1059268,-9.462252,0.52768594,1.0,6.0625954,-6.954387,74.44352,0.19898298,-28.475857,-97.29497,0.26035973,104.45659,0.10622807,-9.524612,0.5432761,1.0,0.2753371,-27.873657,-97.07494,0.31308055,0.004364569044113159,11457.42482161522,280000
95.51892,0.110586986,-9.49947,0.5369906,1.0,2.8329072,-4.647974,59.63117,0.37297302,-30.033043,-96.94977,0.2590757,105.87036,0.13072081,-9.44775,0.52406037,1.0,0.31213853,-27.266333,-97.38427,0.26404494,0.004363226842880249,11479.240986824036,285000
96.61337,0.119992405,-9.4387455,0.5218095,1.0,3.3326106,-4.417165,62.262005,0.2979973,-27.053204,-96.46805,0.28467596,107.03262,0.10963898,-9.515818,0.5410775,1.0,0.38748175,-28.962763,-96.341034,0.3668277,0.004363798046112061,11501.060022830963,290000
101.54027,0.121457115,-9.471576,0.5300169,1.0,5.906772,-6.483689,79.6151,0.21326917,-29.172472,-96.848816,0.23383875,100.55628,0.070528805,-9.497567,0.53651476,1.0,0.26391843,-29.014227,-97.96907,0.27254927,0.004362580966949463,11522.872970104218,295000
108.72535,0.12219613,-9.493456,0.5354868,1.0,7.2435775,-5.231029,71.29679,0.27203932,-29.046402,-95.76317,0.23480627,108.29601,0.15128173,-9.530844,0.5448339,1.0,0.24761915,-29.080597,-97.28075,0.26965588,0.004362407398223877,11544.685032367706,300000
110.85001,0.17120595,-9.437925,0.5216044,1.0,3.8174996,-3.6437845,65.25336,0.4808998,-28.650461,-97.412415,0.27035677,99.78253,0.13796961,-9.479634,0.53203166,1.0,0.30709422,-26.45848,-95.93951,0.2148103,0.2881306845664978,12985.338548660278,305000
95.75134,0.1006825,-9.451929,0.52510536,1.0,6.879656,-4.175765,68.110985,0.22799295,-29.065552,-97.20015,0.2658591,99.07625,0.1305126,-9.464436,0.5282318,1.0,0.30598545,-28.36979,-97.70498,0.2793544,0.012406516695022582,13047.371158599854,310000
99.116135,0.042479806,-9.498411,0.5367259,1.0,6.0190783,-4.0507684,65.85442,0.2824112,-29.24054,-96.95206,0.27185017,103.61803,0.1466442,-9.525416,0.5434768,1.0,0.39925137,-28.448467,-96.43438,0.22334555,0.01241376280784607,13109.440020084381,315000
100.25263,0.0965784,-9.508411,0.539226,1.0,10.745415,-7.078664,83.38587,0.37236983,-28.773481,-96.72197,0.22935054,109.06108,0.09398277,-9.502102,0.53764856,1.0,0.2564893,-28.600163,-96.27683,0.278756,0.011805376482009888,13168.466980934143,320000
102.91356,0.11993477,-9.463653,0.528036,1.0,4.371274,-3.3167105,65.68512,0.24747539,-30.09921,-96.77285,0.24192806,101.42032,0.115140095,-9.492304,0.5351987,1.0,0.26820374,-28.229181,-96.84376,0.25786316,0.007401954746246338,13205.476779222488,325000
95.30326,0.13078597,-9.453585,0.52551913,1.0,6.117732,-4.7270484,64.78913,0.31937268,-28.301952,-96.00911,0.2394945,111.270966,0.1634062,-9.468866,0.5293397,1.0,0.30083737,-26.935911,-96.408424,0.25527185,0.004366265153884888,13227.308128118515,330000
107.80086,0.07725552,-9.488443,0.53423405,1.0,3.978794,-5.7047143,69.7124,0.29535884,-28.815468,-96.711174,0.27585447,100.77316,0.12388705,-9.512531,0.54025567,1.0,0.26013747,-28.688698,-96.59621,0.2356868,0.004368394660949707,13249.15012717247,335000
93.129974,0.11330966,-9.489573,0.5345161,1.0,5.0768547,-4.309091,71.0836,0.1970186,-30.081999,-97.41092,0.22448385,100.00325,0.123187065,-9.486374,0.5337165,1.0,0.30666775,-29.27988,-95.42879,0.25545266,0.004368545579910278,13270.992880821228,340000
99.10942,0.12331477,-9.46167,0.5275406,1.0,4.376748,-6.255502,73.27896,0.27107444,-29.0294,-97.32947,0.25870258,102.46919,0.12674233,-9.522087,0.5426447,1.0,0.21817695,-27.78192,-96.894585,0.26073587,0.004367505168914795,13292.83045911789,345000
102.865295,0.13425362,-9.519229,0.5419301,1.0,3.0606344,-3.9071858,76.116455,0.5208861,-28.988655,-96.581375,0.32284167,92.717766,0.15825893,-9.503202,0.5379236,1.0,0.21208876,-29.332085,-97.59186,0.2519335,0.004353564643859863,13314.598317623138,350000
97.80699,0.10897062,-9.537441,0.54648334,1.0,4.8350587,-4.788966,67.4485,0.2664624,-28.680485,-96.68356,0.22543114,105.757614,0.18229842,-9.4900875,0.5346447,1.0,0.3692256,-29.072119,-96.84599,0.2736987,0.004367490100860596,13336.43580365181,355000
99.30803,0.16705413,-9.492845,0.5353341,1.0,4.1442733,-6.129263,69.72356,0.2781012,-28.464245,-97.82434,0.21407399,96.61394,0.10620822,-9.520102,0.54214823,1.0,0.32339662,-28.460365,-96.79489,0.26771706,0.004367736196517944,13358.274527788162,360000
108.4847,0.13317512,-9.463909,0.52810043,1.0,6.048867,-6.458851,80.87126,0.3569973,-30.128738,-96.41911,0.24537769,114.48909,0.13254929,-9.550336,0.54970694,1.0,0.35781464,-28.558659,-96.65053,0.31106457,0.004368619441986084,13380.117653369904,365000
91.64659,0.07608611,-9.530862,0.5448383,1.0,3.5945482,-4.9506683,57.383472,0.23740837,-28.964994,-96.45195,0.24223804,105.97748,0.15624586,-9.486744,0.53380907,1.0,0.36721462,-29.57501,-97.25119,0.2720185,0.004368007802963257,13401.957729101181,370000
98.00256,0.12974824,-9.514666,0.54078937,1.0,4.259369,-4.7722774,63.543556,0.221395,-28.635426,-98.04323,0.23011309,96.74933,0.108199365,-9.48921,0.5344254,1.0,0.27890643,-29.606369,-95.86657,0.22188228,0.004373441505432129,13423.824961423874,375000
107.02025,0.1973635,-9.454862,0.52583826,1.0,4.268986,-5.320823,70.96902,0.33571747,-29.749268,-96.369804,0.26717925,94.804276,0.11031644,-9.486122,0.5336536,1.0,0.25056067,-29.727505,-95.638725,0.2588529,0.0043807056427001955,13445.72853064537,380000
106.09626,0.14921883,-9.449495,0.5244968,1.0,10.3734665,-6.99803,84.9977,0.27306256,-29.324356,-97.79304,0.2783237,95.04678,0.06674345,-9.496748,0.53630984,1.0,0.3325777,-27.748955,-96.34296,0.29137036,0.004369348478317261,13467.575320720673,385000
94.609535,0.08690693,-9.504255,0.53818667,1.0,4.69131,-4.052272,67.30993,0.31453615,-27.132608,-97.047676,0.2537452,101.59311,0.16133751,-9.479507,0.53199995,1.0,0.5563479,-28.426414,-95.99385,0.29889736,0.004368287658691406,13489.416822910309,390000
105.10477,0.11286756,-9.441229,0.5224303,1.0,3.9866014,-6.367626,72.428185,0.25164685,-29.803148,-97.64965,0.26730528,115.462425,0.14949605,-9.469187,0.5294198,1.0,0.37116048,-29.412811,-97.77763,0.33795524,0.00436891040802002,13511.26140666008,395000
98.28436,0.1560008,-9.470187,0.52966994,1.0,3.7178948,-4.776088,60.88053,0.2953822,-30.74857,-96.777596,0.24314874,101.30735,0.15611118,-9.4845085,0.5332503,1.0,0.39681914,-27.200489,-97.01542,0.25362992,0.0043685072422027585,13533.10398387909,400000
88.83778,0.083608106,-9.488652,0.534286,1.0,3.8174503,-3.5752597,63.60318,0.22793885,-30.34269,-97.66168,0.2846521,110.84764,0.15930851,-9.460916,0.52735186,1.0,0.39430052,-30.071812,-96.80641,0.27220398,0.2973183440208435,15019.69587278366,405000
102.69524,0.10532955,-9.500353,0.53721106,1.0,5.112273,-5.9633284,71.21704,0.355023,-27.39852,-95.954926,0.2517339,106.37494,0.078061745,-9.481722,0.53255355,1.0,0.24569261,-28.302212,-96.6473,0.26165134,0.01243109130859375,15081.85135793686,410000
90.89817,0.097164795,-9.499179,0.53691757,1.0,3.1643157,-3.76858,55.202423,0.28684166,-29.260517,-95.99688,0.2396717,88.11481,0.11172566,-9.524734,0.5433063,1.0,0.27704215,-28.56686,-96.607834,0.29269934,0.01197477331161499,15141.725278139114,415000
105.521576,0.104592666,-9.512442,0.5402335,1.0,4.121267,-5.8526063,77.81333,0.22193483,-30.704535,-96.83954,0.26912433,96.56206,0.11474417,-9.488249,0.5341852,1.0,0.35240892,-28.181095,-97.01991,0.24729899,0.007824714851379394,15180.848891973495,420000
101.481316,0.14249364,-9.473463,0.53048885,1.0,4.916416,-6.243596,80.088585,0.25579822,-28.611742,-97.407074,0.25202578,101.603226,0.12238762,-9.536911,0.5463506,1.0,0.34764287,-27.741253,-97.00577,0.29560116,0.004366386413574219,15202.680856704712,425000
110.71437,0.17867638,-9.481762,0.53256375,1.0,3.7641091,-4.2437077,70.71615,0.5272651,-27.684185,-97.06258,0.27140886,106.588745,0.12055189,-9.502712,0.53780115,1.0,0.38356173,-29.703745,-97.39394,0.2489951,0.004341885757446289,15224.390319108963,430000
109.84179,0.17280513,-9.43349,0.52049536,1.0,4.8673725,-6.8585744,71.744644,0.35933745,-28.527737,-96.215355,0.27304813,114.73103,0.14582238,-9.450881,0.52484334,1.0,0.29765904,-28.183823,-96.431244,0.29511356,0.004354012584686279,15246.160413742065,435000
111.137024,0.15356441,-9.439185,0.5219193,1.0,3.7567492,-5.4761257,70.65217,0.23287939,-28.72358,-96.10567,0.30590066,95.46536,0.12544835,-9.529853,0.54458624,1.0,0.33733863,-27.44294,-95.823395,0.23235786,0.004376894998550415,15268.044934511185,440000
109.33087,0.14789093,-9.45738,0.52646816,1.0,5.963979,-3.8184116,66.34355,0.36788797,-27.496231,-96.32126,0.24408165,107.54829,0.16638845,-9.510318,0.5397023,1.0,0.5337271,-30.360985,-97.25363,0.2678503,0.004371004676818848,15289.90000462532,445000
91.5561,0.091805086,-9.529209,0.54442513,1.0,7.0128207,-3.0333452,74.43863,0.30782247,-26.83088,-97.4491,0.34043935,104.48479,0.1177969,-9.496392,0.53622097,1.0,0.2876926,-29.230896,-96.35153,0.27911007,0.0043713133811950685,15311.756609916687,450000
100.802864,0.10780221,-9.509702,0.5395482,1.0,5.171683,-5.7797065,80.463524,0.2219109,-28.794655,-96.82102,0.27332306,121.29112,0.17907014,-9.450731,0.52480584,1.0,0.23437274,-29.595963,-97.44738,0.31858364,0.0043781717777252194,15333.647496461868,455000
95.38536,0.12094736,-9.486514,0.5337514,1.0,6.990216,-5.997186,71.68095,0.34451076,-30.301086,-96.68865,0.28090364,107.259155,0.1714341,-9.500405,0.5372243,1.0,0.33697456,-27.49562,-96.75446,0.35903835,0.0043672222137451176,15355.483629465103,460000
108.40343,0.1798967,-9.481663,0.5325388,1.0,5.3397655,-5.032664,68.105934,0.3880947,-29.86341,-97.30992,0.27329785,100.79607,0.10172021,-9.457323,0.5264538,1.0,0.26631975,-28.558966,-97.092995,0.22037058,0.004376995182037354,15377.368629932404,465000
93.8815,0.08982035,-9.471338,0.5299574,1.0,4.28752,-8.823617,69.741875,0.28554475,-29.334576,-96.81739,0.24338138,114.49808,0.17741205,-9.547466,0.54898965,1.0,0.21862267,-28.064613,-97.17973,0.23382789,0.0043673869609832765,15399.205588817596,470000
99.10394,0.15199,-9.49963,0.53703046,1.0,7.6689134,-6.290181,77.56191,0.2522902,-29.30761,-98.00273,0.24640812,107.3668,0.110910125,-9.539887,0.5470949,1.0,0.23895451,-28.38342,-96.17352,0.2668053,0.00436778450012207,15421.044535160065,475000
103.74637,0.15220714,-9.478629,0.5317801,1.0,5.454256,-4.4724474,68.60616,0.23548026,-29.072561,-96.41991,0.25885752,118.94759,0.17291856,-9.500603,0.5372735,1.0,0.30647588,-27.474316,-96.37392,0.24378273,0.004369251298904419,15442.890819311142,480000
107.073265,0.113893785,-9.493634,0.5355314,1.0,10.128529,-4.230099,79.08988,0.632216,-27.903683,-96.0416,0.27659312,100.256424,0.1014145,-9.547652,0.54903615,1.0,0.39901102,-29.234505,-97.22772,0.26115242,0.004367383050918579,15464.727759361267,485000
116.12527,0.14785491,-9.472016,0.53012705,1.0,6.366829,-4.564577,80.21997,0.41845036,-28.575626,-96.52403,0.28524715,99.40146,0.109655574,-9.503905,0.53809917,1.0,0.36879802,-28.83126,-96.519485,0.27782992,0.004367010974884033,15486.562846422195,490000
105.46041,0.13548124,-9.473732,0.53055584,1.0,5.1231136,-4.7512374,70.015976,0.47400674,-28.279411,-96.83008,0.26512736,104.46152,0.12599857,-9.528086,0.54414433,1.0,0.28743276,-28.528418,-97.978775,0.29975677,0.004367146492004394,15508.398617744446,495000
94.51706,0.13055025,-9.480981,0.5323682,1.0,5.0043297,-3.7960334,63.884308,0.39160603,-28.343866,-97.82112,0.28115588,100.63939,0.14239687,-9.482485,0.5327443,1.0,0.45789507,-30.288141,-96.61182,0.22657828,0.004367263555526734,15530.234974861145,500000
100.672455,0.095402285,-9.55287,0.5503405,1.0,5.3163586,-5.722952,67.95174,0.29163957,-27.427303,-96.590805,0.243546,116.98418,0.19446078,-9.4887295,0.53430533,1.0,0.2786135,-28.940731,-97.40771,0.290752,0.3050427869796753,17055.448984861374,505000
99.80459,0.11418575,-9.484738,0.53330755,1.0,3.2649033,-3.063036,65.49668,0.27201438,-29.252945,-96.815704,0.3215271,119.705414,0.15795195,-9.53032,0.5447029,1.0,0.32599676,-30.08362,-96.66344,0.29883265,0.012307129812240601,17116.98466348648,510000
103.65237,0.14706966,-9.556876,0.5513421,1.0,4.585179,-3.5293503,69.45889,0.6613673,-28.71036,-96.02901,0.29610562,97.173965,0.08755614,-9.535238,0.54593265,1.0,0.26419276,-28.2148,-97.02025,0.275387,0.007780866432189942,17155.88902616501,515000
106.64964,0.17096223,-9.479319,0.5319526,1.0,4.0376654,-5.9474792,69.176315,0.20981565,-29.706898,-95.927444,0.21540825,102.659904,0.11876446,-9.500368,0.5372151,1.0,0.2417419,-29.478458,-96.01628,0.29981005,0.004381526517868042,17177.796709537506,520000
89.93438,0.12152136,-9.455253,0.5259361,1.0,4.324007,-6.4564304,62.59293,0.5693407,-29.685642,-96.547775,0.3229953,103.06141,0.18508996,-9.493189,0.5354202,1.0,0.3080979,-29.889465,-97.07626,0.23687491,0.004379398918151855,17199.693737745285,525000
95.4699,0.11523356,-9.515095,0.54089665,1.0,3.100107,-4.4135914,56.87869,0.26948348,-28.536263,-97.770935,0.2299614,92.532425,0.13609192,-9.492662,0.5352885,1.0,0.2842598,-27.480606,-96.631775,0.23533192,0.0043660874366760255,17221.524212360382,530000
94.68267,0.08646302,-9.5101185,0.53965247,1.0,4.2997427,-3.2635746,60.998257,0.2832966,-29.999025,-97.06634,0.23494065,104.85136,0.16274813,-9.534566,0.54576445,1.0,0.41904843,-29.901947,-96.73723,0.23273501,0.004351680469512939,17243.2827064991,535000
102.63043,0.062160444,-9.447641,0.5240332,1.0,4.4596376,-5.203325,70.16911,0.2758909,-29.01662,-96.76915,0.25663382,103.34477,0.10448664,-9.505943,0.53860897,1.0,0.3276539,-29.70553,-97.2449,0.24536774,0.004365542411804199,17265.110465288162,540000
99.66594,0.12509587,-9.526846,0.5438345,1.0,4.0054393,-4.074999,67.21962,0.24328357,-26.371326,-96.779785,0.2575903,94.82788,0.070248574,-9.511822,0.5400783,1.0,0.24379687,-29.270245,-96.816986,0.27963227,0.004365201139450073,17286.936504125595,545000
98.594086,0.07743025,-9.480603,0.5322739,1.0,4.828608,-4.2356462,65.6525,0.23013604,-29.162174,-96.75197,0.20843631,102.52308,0.1433851,-9.485469,0.5334903,1.0,0.24854946,-29.390827,-96.872116,0.23232433,0.004366734790802002,17308.77019929886,550000
114.15094,0.12634195,-9.500076,0.53714216,1.0,5.486513,-4.538005,73.637924,0.3114069,-30.475334,-96.17345,0.29336035,105.17753,0.14293158,-9.50604,0.5386327,1.0,0.28685838,-27.54905,-96.43651,0.26259738,0.004370086193084717,17330.62068629265,555000
104.30342,0.13250548,-9.476265,0.531189,1.0,3.9035354,-4.1430044,61.374,0.2953381,-28.399343,-96.39621,0.24126774,115.8163,0.12828556,-9.58419,0.55817044,1.0,0.36563566,-27.806404,-96.849365,0.34271753,0.0043785334587097165,17352.51341032982,560000
110.84141,0.14686155,-9.436609,0.52127516,1.0,4.6158323,-3.068368,63.579155,0.34344083,-27.737495,-97.425415,0.20159608,92.9481,0.10017078,-9.526954,0.5438613,1.0,0.37786067,-28.663906,-96.37013,0.2850284,0.004377788209915161,17374.40239405632,565000
110.4984,0.12919673,-9.467186,0.52891934,1.0,4.4755154,-9.122399,78.818054,0.53913224,-28.720013,-97.7987,0.31022835,107.24373,0.13731217,-9.568275,0.55419165,1.0,0.26686874,-28.216852,-97.45737,0.2683394,0.004373189783096314,17396.2683737278,570000
98.25316,0.10813048,-9.498046,0.5366345,1.0,5.420375,-6.7289333,75.7847,0.27108535,-29.000381,-97.43869,0.26630968,106.97971,0.12078294,-9.476543,0.53125894,1.0,0.20866477,-29.080462,-95.61165,0.27843773,0.004366581201553345,17418.101341485977,575000
110.69259,0.15784886,-9.517872,0.54159105,1.0,5.6907287,-4.192058,74.38622,0.2601713,-28.28424,-97.515656,0.24840328,109.795906,0.13047712,-9.462845,0.52783406,1.0,0.298945,-29.204943,-97.68084,0.23647317,0.004365664958953857,17439.929695129395,580000
101.444084,0.108445734,-9.447283,0.52394396,1.0,4.5906124,-3.9943862,62.46964,0.23207322,-29.545036,-97.853745,0.23907268,107.711975,0.16722418,-9.52058,0.5422681,1.0,0.34156817,-27.424526,-96.71607,0.24777195,0.004366648769378662,17461.762986183167,585000
99.3817,0.053641513,-9.566498,0.55374736,1.0,4.4725714,-2.2512755,64.41533,0.21588784,-29.30119,-96.52002,0.34312803,110.944954,0.13608408,-9.500206,0.53717446,1.0,0.28845042,-30.196846,-97.31948,0.24256663,0.00436633129119873,17483.59470820427,590000
110.01712,0.114664525,-9.528101,0.54414815,1.0,3.5317898,-7.144981,77.64304,0.3979524,-29.330034,-97.53697,0.29150498,114.4561,0.10857302,-9.561971,0.5526156,1.0,0.2491531,-29.408314,-96.20998,0.2806418,0.004376594877243042,17505.47771191597,595000
105.772484,0.11269626,-9.497902,0.5365985,1.0,4.751022,-3.1067388,71.869804,0.36362028,-27.71799,-96.24957,0.248753,104.33094,0.1268203,-9.52161,0.54252553,1.0,0.30013263,-29.738409,-96.10811,0.26479906,0.0043832434654235836,17527.393964529037,600000
104.95652,0.13040806,-9.488124,0.5341539,1.0,6.167798,-4.8720007,77.241646,0.2716183,-30.289326,-96.69017,0.25687507,115.04486,0.17597798,-9.51087,0.5398402,1.0,0.19902124,-30.180935,-96.90291,0.22327374,0.3087249288082123,19071.01875281334,605000
98.02496,0.13721846,-9.499568,0.53701496,1.0,4.8012314,-4.231425,65.68786,0.35264698,-29.98291,-97.21509,0.2516784,98.2552,0.1004246,-9.535403,0.5459737,1.0,0.22601868,-29.456707,-96.90532,0.26499456,0.0104779869556427,19123.408711194992,610000
94.15363,0.107764095,-9.488433,0.53423107,1.0,5.0345173,-4.94575,63.776447,0.38435614,-28.097145,-96.98825,0.2578038,112.047775,0.1375513,-9.498291,0.5366957,1.0,0.40414828,-30.5205,-96.96848,0.24190608,0.004825959873199463,19147.538541793823,615000
101.710014,0.12296431,-9.455149,0.52591014,1.0,3.503232,-2.9486318,64.05591,0.27692473,-28.921022,-97.24313,0.21487616,111.13133,0.16664505,-9.47127,0.5299405,1.0,0.24157178,-29.017136,-96.42941,0.23660803,0.00440573410987854,19169.567262887955,620000
100.80964,0.13260129,-9.537336,0.5464572,1.0,6.32294,-4.5582266,71.07287,0.2200155,-28.810003,-97.23076,0.25045484,104.15694,0.1421658,-9.502326,0.5377045,1.0,0.23595391,-29.821053,-96.64834,0.22054069,0.004352559518814087,19191.33009505272,625000
111.730576,0.1475929,-9.49939,0.53697026,1.0,11.839037,-8.985783,89.371895,0.3150846,-29.341124,-97.33232,0.31771505,108.7242,0.19081801,-9.509104,0.5393989,1.0,0.45202243,-31.03407,-96.862564,0.21251607,0.004385553884506226,19213.257886886597,630000
97.84917,0.15936925,-9.455094,0.52589655,1.0,3.267801,-8.085173,67.40451,0.41236338,-28.868977,-98.010956,0.2720035,98.937386,0.13100374,-9.517122,0.54140353,1.0,0.38230297,-30.632095,-97.20807,0.22895212,0.004387393712997436,19235.194932460785,635000
100.25183,0.12757014,-9.523141,0.54290813,1.0,5.3101516,-4.813217,69.0689,0.23638417,-28.588104,-98.135864,0.2714303,108.38991,0.13096207,-9.490082,0.53464335,1.0,0.39258876,-28.385843,-98.45456,0.31790608,0.004386630249023437,19257.128108739853,640000
101.35838,0.14870302,-9.455965,0.52611417,1.0,5.62628,-4.9934106,71.015976,0.23676997,-27.396973,-97.238205,0.21348163,94.30342,0.07141376,-9.4811125,0.53240097,1.0,0.7934203,-30.210724,-97.5395,0.22525895,0.004381377792358398,19279.0350317955,645000
103.06706,0.17080557,-9.508928,0.53935504,1.0,9.082564,-10.669303,95.65465,0.2813294,-27.838161,-97.59352,0.26154357,98.56383,0.11802309,-9.508961,0.53936327,1.0,0.2780806,-28.022642,-97.44118,0.2565624,0.004381202936172486,19300.9411008358,650000
111.37323,0.13737342,-9.477348,0.5314601,1.0,5.1862226,-6.171006,74.48923,0.3800381,-29.295677,-97.24339,0.24509472,114.98104,0.14380343,-9.5399275,0.54710484,1.0,0.33520603,-28.95905,-97.357124,0.27301136,0.004380789852142334,19322.84508872032,655000
118.15247,0.19208941,-9.486003,0.53362375,1.0,9.417397,-7.206388,92.574234,0.26845595,-29.186924,-96.354836,0.33892363,112.99126,0.15213981,-9.519197,0.5419224,1.0,0.43952438,-27.616625,-97.20308,0.31608096,0.004379074621200562,19344.740483760834,660000
106.264984,0.09711282,-9.516951,0.54136044,1.0,6.078687,-5.1501074,79.061676,0.35781902,-27.954128,-96.55121,0.23745632,96.533806,0.08943895,-9.511409,0.53997517,1.0,0.24592829,-30.250565,-97.328316,0.21460328,0.0043776602745056155,19366.62882733345,665000
104.34726,0.13338889,-9.491198,0.5349225,1.0,4.3819323,-8.980137,73.680145,0.34441718,-28.760014,-97.16777,0.26025543,109.86884,0.13619155,-9.537464,0.546489,1.0,0.4802825,-29.354948,-96.76097,0.27695093,0.0043803946018219,19388.530839920044,670000
106.27447,0.12730423,-9.489164,0.53441393,1.0,4.6281056,-5.6215944,78.93901,0.21187404,-30.08957,-97.07866,0.22984862,96.83374,0.11582835,-9.511111,0.53990084,1.0,0.3607889,-29.764603,-97.07692,0.26517996,0.004380102586746216,19410.431387901306,675000
109.808975,0.12231955,-9.427553,0.5190112,1.0,4.9542713,-4.2042637,85.20918,0.28191373,-28.328224,-97.432915,0.31586242,119.987854,0.16034648,-9.4781275,0.5316549,1.0,0.31337896,-28.068253,-97.24007,0.29463565,0.004378336572647095,19432.323090553284,680000
111.00223,0.13778456,-9.495289,0.53594494,1.0,3.86231,-8.1165085,75.59661,0.45036954,-28.691196,-96.76672,0.2734284,101.51544,0.098948136,-9.539438,0.5469825,1.0,0.34396908,-29.637852,-97.054306,0.22062957,0.004379600811004638,19454.22114920616,685000
102.16237,0.15896283,-9.468345,0.52920926,1.0,7.111111,-5.394947,67.83922,0.2490556,-29.596807,-98.44803,0.24256167,108.25091,0.11965449,-9.509513,0.539501,1.0,0.3884962,-30.200787,-96.888405,0.3136121,0.004383061981201172,19476.136468172073,690000
101.449715,0.13618325,-9.489058,0.5343871,1.0,6.590658,-5.536362,66.18026,0.34506652,-29.434883,-98.38288,0.23712286,96.262024,0.10569626,-9.562741,0.5528083,1.0,0.362176,-27.415344,-96.86595,0.26792005,0.004382426261901855,19498.04863500595,695000
97.95633,0.1376383,-9.485455,0.5334867,1.0,9.622785,-3.882606,72.23043,0.25424266,-28.392254,-97.07999,0.22566232,106.63986,0.13122119,-9.504,0.538123,1.0,0.3119901,-29.75084,-96.33135,0.2797735,0.004368653678894043,19519.891956567764,700000
99.204254,0.07337494,-9.453291,0.5254456,1.0,4.3472557,-4.6034584,70.776505,0.46577156,-27.758,-96.867355,0.2440664,111.9629,0.16971713,-9.494295,0.53569674,1.0,0.35952866,-29.451283,-97.39189,0.25402677,0.3154543703556061,21097.163855791092,705000
90.82828,0.08636822,-9.516741,0.5413081,1.0,4.910347,-6.1069026,62.8826,0.2046929,-29.42786,-96.55127,0.33889794,88.76082,0.09922089,-9.501725,0.53755426,1.0,0.16021217,-30.135784,-96.98801,0.23195529,0.005176785612106323,21123.047815799713,710000
113.594406,0.16816834,-9.455307,0.5259496,1.0,3.6680799,-4.3690295,65.95284,0.39557967,-29.143085,-96.8936,0.22342415,112.101685,0.1661416,-9.466431,0.5287304,1.0,0.2258543,-28.081543,-96.96298,0.23229238,0.004392488718032837,21145.01028561592,715000
104.585266,0.15959793,-9.46182,0.5275779,1.0,7.1997633,-5.126946,67.7764,0.24712569,-29.984291,-97.28529,0.23593584,106.867935,0.13225333,-9.459988,0.52711964,1.0,0.28961444,-28.743652,-98.5418,0.25648576,0.004390952634811401,21166.965078353882,720000
115.75431,0.18368882,-9.461395,0.52747166,1.0,4.2147236,-4.9388933,73.71085,0.29417372,-27.49382,-97.07347,0.23660596,90.95119,0.06263241,-9.469326,0.5294543,1.0,0.3458752,-28.546984,-96.889084,0.277388,0.004390908432006836,21188.919643878937,725000
105.35356,0.14631367,-9.505936,0.53860676,1.0,6.1308107,-5.1630855,75.6772,0.3869762,-28.346819,-97.18625,0.2851346,103.47752,0.05943775,-9.547346,0.54895926,1.0,0.20721218,-27.948666,-97.6456,0.24832578,0.004388901281356812,21210.864196538925,730000
104.7583,0.10562722,-9.508996,0.53937185,1.0,6.0659304,-6.3605657,82.22531,0.2682711,-29.905994,-96.59646,0.24683212,113.94937,0.13987154,-9.475229,0.53093046,1.0,0.24585307,-29.569447,-96.719574,0.29438546,0.004394701719284058,21232.837746858597,735000
102.26609,0.15156433,-9.488982,0.53436846,1.0,4.8139024,-4.3648634,78.47538,0.34596148,-28.486496,-97.44043,0.33187371,100.775696,0.08760066,-9.542505,0.54774916,1.0,0.35876662,-28.786411,-97.64639,0.22893539,0.004408440446853638,21254.879988193512,740000
105.30092,0.15760005,-9.440285,0.522194,1.0,6.4931717,-3.5439985,75.65541,0.54067385,-28.540966,-97.04556,0.2284335,97.2006,0.113835424,-9.575382,0.55596864,1.0,0.25681603,-29.445175,-97.29031,0.23952594,0.004390437269210816,21276.832237005234,745000
93.51428,0.084339224,-9.460817,0.5273273,1.0,4.918691,-4.06623,64.94562,0.32379586,-29.778357,-97.56897,0.21485507,97.437,0.11769302,-9.526078,0.54364264,1.0,0.34618652,-28.509054,-96.84464,0.2696042,0.004383533239364624,21298.74993610382,750000
102.20621,0.09873191,-9.512844,0.54033405,1.0,4.6254134,-3.0686812,65.87758,0.26414165,-29.136927,-97.33142,0.26621926,109.23893,0.16660139,-9.522287,0.5426948,1.0,0.21133071,-28.378555,-97.62623,0.25970054,0.004394036722183228,21320.72015285492,755000
94.83194,0.11332544,-9.483566,0.5330147,1.0,5.7979183,-5.3192196,68.12656,0.3993633,-29.291466,-96.692444,0.24774149,105.79162,0.15700772,-9.487845,0.53408444,1.0,0.40714788,-28.862286,-97.39349,0.26553926,0.004392994260787964,21342.68515777588,760000
95.4813,0.06984698,-9.519739,0.5420579,1.0,3.6390338,-5.348806,69.67436,0.27969286,-32.21283,-97.14374,0.26354557,111.58095,0.16460279,-9.481264,0.532439,1.0,0.31952024,-29.733719,-97.0726,0.2861033,0.004391635036468506,21364.64336705208,765000
114.87721,0.16887632,-9.4935875,0.5355199,1.0,7.940348,-5.5221386,78.69579,0.4531629,-27.562342,-96.94281,0.27852714,97.72659,0.093517825,-9.435329,0.52095544,1.0,0.3924523,-28.954556,-96.37276,0.21117619,0.004390715742111206,21386.596995830536,770000
97.77575,0.10194453,-9.4836445,0.5330339,1.0,7.1984215,-8.109822,65.55272,0.50012594,-30.30009,-97.500656,0.26459706,105.74751,0.12753747,-9.510741,0.5398084,1.0,0.3423599,-29.184004,-97.73665,0.25912976,0.004390811538696289,21408.551090717316,775000
85.62266,0.051215243,-9.490887,0.53484476,1.0,4.7399406,-6.1497765,70.02162,0.23540987,-30.166801,-97.44058,0.23701257,108.40115,0.13018534,-9.489073,0.53439116,1.0,0.28773984,-29.664595,-97.210106,0.25394,0.0043891629219055175,21430.496930122375,780000
107.666306,0.117490634,-9.478632,0.5317809,1.0,7.0504274,-7.8866954,83.530525,0.28368232,-28.938005,-97.21068,0.23847947,116.05322,0.16422799,-9.48362,0.53302807,1.0,0.26775408,-28.996834,-97.29078,0.3465178,0.004389553737640381,21452.44473218918,785000
106.047455,0.1434944,-9.494497,0.53574735,1.0,5.1624165,-5.703759,69.62852,0.29050013,-29.183458,-97.39273,0.2348588,113.031784,0.19216594,-9.4959545,0.5361116,1.0,0.30339378,-29.886284,-96.34321,0.30765498,0.004382865190505981,21474.359090089798,790000
118.52092,0.16354173,-9.476759,0.5313127,1.0,3.8129923,-5.9967103,73.79104,0.29700977,-29.472683,-97.62724,0.2455636,114.39332,0.13155444,-9.457808,0.52657485,1.0,0.34971237,-28.56088,-97.44548,0.26116142,0.004382175397872925,21496.269992113113,795000
110.14068,0.14446837,-9.501068,0.5373901,1.0,3.5506024,-5.196419,68.19221,0.29460886,-28.010042,-97.481575,0.241507,112.4986,0.12623742,-9.492243,0.53518355,1.0,0.28762814,-28.345596,-96.57594,0.28182676,0.004381528854370117,21518.17765402794,800000
95.8981,0.13786235,-9.466654,0.5287862,1.0,7.394169,-5.469759,71.765366,0.20844862,-31.473408,-98.0398,0.24814871,103.26187,0.13528456,-9.533002,0.54537344,1.0,0.23490345,-30.205723,-97.97524,0.30474594,0.31450826468467713,23090.719123363495,805000
101.41371,0.15480423,-9.483798,0.53307265,1.0,7.8436093,-3.4247687,66.538536,0.34150392,-29.598446,-96.84805,0.24288936,96.7441,0.09267482,-9.495177,0.5359174,1.0,0.32558072,-28.777546,-97.382904,0.23601712,0.004383053159713745,23112.63445329666,810000
101.93258,0.111713104,-9.546804,0.5488239,1.0,6.981902,-5.8703337,71.29432,0.20254156,-30.266056,-97.77417,0.2740909,105.41426,0.17989917,-9.436998,0.52137256,1.0,0.56316483,-29.22073,-97.57098,0.28555477,0.0043788828849792485,23134.52890753746,815000
91.845474,0.07239438,-9.49416,0.5356629,1.0,3.7508993,-3.9617376,65.048,0.2541282,-28.53017,-97.68377,0.24913111,99.75284,0.0695998,-9.512493,0.5402462,1.0,0.2220038,-27.922241,-96.909935,0.22270714,0.004380135726928711,23156.429611682892,820000
94.88095,0.100592144,-9.524395,0.5432217,1.0,5.543553,-7.9336667,71.825645,0.3376945,-31.008593,-96.1926,0.2383896,93.96115,0.09497796,-9.513344,0.54045904,1.0,0.36625996,-30.443287,-95.996735,0.27848122,0.004383054208755493,23178.344923973083,825000
111.72035,0.1377435,-9.475148,0.53091013,1.0,8.44805,-7.959735,92.45667,0.24829528,-28.3562,-97.818695,0.28467008,111.02364,0.112588674,-9.547159,0.54891276,1.0,0.20225066,-29.2643,-97.193855,0.2086783,0.004346210193634033,23200.076009511948,830000
113.61276,0.13757321,-9.526039,0.5436326,1.0,8.168095,-7.055863,80.49709,0.18726733,-28.4673,-96.45546,0.27295285,100.291275,0.14637117,-9.446264,0.5236891,1.0,0.3549882,-31.32256,-97.6994,0.28118044,0.004383827304840088,23221.99517250061,835000
99.63925,0.12558743,-9.497603,0.53652394,1.0,5.2867575,-5.3208165,75.883354,0.34399274,-26.908066,-97.81626,0.33774582,109.62645,0.17525253,-9.497887,0.53659475,1.0,0.19562697,-28.115543,-98.021164,0.27984098,0.00438380708694458,23243.914265155792,840000
111.416534,0.17998537,-9.45293,0.5253557,1.0,9.596431,-8.20244,88.41871,0.28278852,-28.681152,-97.104645,0.25711393,108.61884,0.11195296,-9.523207,0.5429248,1.0,0.4294501,-29.055466,-97.53612,0.28715426,0.004383526372909546,23265.831939458847,845000
99.41143,0.100758985,-9.518013,0.5416263,1.0,5.023531,-2.57893,65.38877,0.3236317,-27.65708,-97.56404,0.26574033,99.99191,0.14143196,-9.483618,0.53302765,1.0,0.40621096,-27.327507,-98.03837,0.31902027,0.004382874202728272,23287.746345043182,850000
93.32044,0.06974973,-9.537964,0.54661393,1.0,4.6537404,-5.4825974,66.64903,0.28209355,-31.968576,-97.3977,0.24213935,119.116455,0.19096017,-9.505215,0.53842664,1.0,0.3869063,-28.252598,-97.57109,0.2946223,0.0043894866943359374,23309.69383406639,855000
106.7176,0.14211605,-9.479685,0.53204423,1.0,6.905413,-9.080543,81.35919,0.3462603,-27.982216,-97.51174,0.26952612,114.28229,0.15810645,-9.48605,0.5336353,1.0,0.40412343,-28.927828,-97.19756,0.2502776,0.004383390235900879,23331.61082839966,860000
107.200035,0.14161023,-9.4555025,0.52599853,1.0,3.8817856,-7.6603413,71.600975,0.36364844,-29.853376,-97.43351,0.26458514,99.79741,0.13951242,-9.508008,0.53912497,1.0,0.3734735,-28.311592,-97.25705,0.24007292,0.004383687591552735,23353.529302358627,865000
112.10103,0.14909661,-9.456476,0.52624184,1.0,8.558741,-5.8410544,81.02945,0.32261628,-30.488316,-96.69943,0.28386134,112.43845,0.14737691,-9.500629,0.5372801,1.0,0.41586483,-29.317741,-97.78041,0.27705508,0.004383629989624023,23375.447492599487,870000
91.05116,0.07712284,-9.491491,0.5349957,1.0,6.4630833,-3.7556653,61.76316,0.34859678,-29.2209,-97.74077,0.23630114,114.830185,0.14867908,-9.553455,0.55048656,1.0,0.28043202,-29.951872,-97.148254,0.2849978,0.004382665872573853,23397.360862493515,875000
101.27494,0.06921661,-9.508528,0.5392551,1.0,5.605612,-5.1212215,67.58741,0.29699406,-31.164799,-98.38159,0.23632501,121.6726,0.18797265,-9.45152,0.5250031,1.0,0.53065443,-30.117764,-96.72464,0.24976924,0.004382484722137451,23419.27331852913,880000
99.69388,0.11349932,-9.499872,0.53709084,1.0,5.5690002,-3.6845074,70.83475,0.4406576,-29.375542,-97.11682,0.23949094,103.10687,0.034647856,-9.582178,0.5576674,1.0,0.31265837,-28.76876,-97.0023,0.24601781,0.004385404491424561,23441.20038676262,885000
98.33241,0.11265437,-9.487088,0.53389513,1.0,4.2395015,-5.8409557,66.18873,0.32914275,-27.997667,-97.80524,0.2764538,103.572624,0.13189292,-9.461166,0.5274144,1.0,0.28929335,-29.039764,-97.73779,0.2746374,0.004388817834854126,23463.144550085068,890000
110.96106,0.14223415,-9.461233,0.52743125,1.0,8.118082,-5.5416145,84.941185,0.21020281,-29.948715,-97.1416,0.2596104,95.8126,0.10823039,-9.591446,0.55998445,1.0,0.37754488,-28.769548,-98.14992,0.24859968,0.004388074636459351,23485.08494925499,895000
113.145294,0.1861102,-9.50783,0.5390805,1.0,4.1857605,-5.9439955,78.40619,0.36487067,-30.549088,-97.674225,0.24014199,107.957565,0.1560658,-9.488407,0.5342247,1.0,0.22078654,-27.812862,-96.78674,0.26950207,0.004389320182800293,23507.031587600708,900000
104.091965,0.13855112,-9.491226,0.5349297,1.0,6.4367285,-5.507642,66.68116,0.80682755,-29.444601,-97.270905,0.2552479,105.36838,0.12196832,-9.567103,0.5538989,1.0,0.354092,-30.3487,-97.72635,0.3443458,0.31577549328804017,25085.909212112427,905000
98.62569,0.10370258,-9.505305,0.5384492,1.0,7.9494886,-5.0057254,83.768906,0.3409131,-29.608536,-98.24292,0.2540171,104.62572,0.09322643,-9.521875,0.5425918,1.0,0.33931595,-28.622097,-98.17879,0.2756797,0.004385501194000244,25107.836744070053,910000
100.220505,0.14600423,-9.524251,0.5431859,1.0,5.9260707,-4.376354,65.66447,0.3019072,-30.720573,-97.65025,0.21192145,107.15758,0.12954935,-9.51243,0.5402303,1.0,0.3371486,-30.284143,-97.27552,0.26863742,0.004404242944717408,25129.857986211777,915000
106.658516,0.15160155,-9.483429,0.53297997,1.0,5.5720305,-4.4381523,70.28926,0.25536874,-29.442984,-98.03642,0.2709283,107.10255,0.121373326,-9.498549,0.5367604,1.0,0.32793438,-30.532612,-97.86573,0.23078635,0.004414472723007202,25151.930369138718,920000
109.97034,0.20867147,-9.377457,0.50648737,1.0,6.05475,-6.4994383,76.27285,0.31286395,-29.218122,-96.84526,0.2114186,114.332504,0.18543981,-9.459629,0.5270302,1.0,0.19049829,-28.507034,-97.71706,0.2582851,0.0044181841850280765,25174.02131843567,925000
110.38384,0.16556641,-9.452371,0.52521557,1.0,8.565752,-4.3592167,70.720985,0.4447214,-30.170746,-98.37561,0.25354916,115.377365,0.1962399,-9.475155,0.5309117,1.0,0.37980422,-30.195398,-97.4133,0.21545517,0.004418915414810181,25196.11594080925,930000
102.50093,0.07044919,-9.569456,0.5544871,1.0,6.924609,-3.4549923,64.70407,0.4372457,-28.889553,-98.37955,0.28907514,103.37423,0.092323944,-9.572386,0.55521953,1.0,0.31253815,-30.11885,-97.88825,0.26122805,0.004414025068283081,25218.186104536057,935000
114.2663,0.1851263,-9.467733,0.52905625,1.0,7.907569,-4.7625637,80.27179,0.658162,-27.115505,-97.46544,0.23828734,110.50906,0.10260153,-9.514549,0.54076034,1.0,0.24298206,-29.506054,-97.7076,0.27838874,0.00439190788269043,25240.145691394806,940000
115.28656,0.1404745,-9.490366,0.5347146,1.0,8.558327,-5.7356544,79.889404,0.42615888,-28.28319,-98.075195,0.28580326,103.76994,0.17946672,-9.495743,0.5360586,1.0,0.5989948,-28.623451,-97.54254,0.85477066,0.004409081029891968,25262.19113469124,945000
115.57811,0.14623374,-9.511453,0.539986,1.0,5.586341,-10.06965,87.45955,0.39018977,-28.239906,-97.894455,0.23244292,102.20586,0.1142998,-9.51956,0.5420128,1.0,0.42088863,-30.50858,-97.75537,0.25934136,0.004413606214523315,25284.25919532776,950000
93.15488,0.10470267,-9.506928,0.53885496,1.0,5.2985926,-4.2619357,68.15903,0.39388296,-30.45872,-97.00815,0.26270398,104.561424,0.12154198,-9.491671,0.5350407,1.0,0.34618536,-29.813354,-97.43816,0.28528225,0.004407927083969116,25306.29886507988,955000
102.998924,0.08696654,-9.543076,0.547892,1.0,8.521091,-8.778559,100.77045,0.7174336,-28.157875,-97.75346,0.30368006,105.31094,0.16038018,-9.544393,0.5482211,1.0,0.28583354,-29.2033,-97.653175,0.28838402,0.00440559401512146,25328.326867580414,960000
99.69306,0.10527932,-9.412627,0.51527977,1.0,5.435411,-4.493028,67.55094,0.26684064,-28.421349,-96.92815,0.24570194,106.41165,0.15361731,-9.532425,0.5452292,1.0,0.30735886,-29.232578,-97.574646,0.26622784,0.004407532501220703,25350.364553689957,965000
99.17673,0.079947874,-9.45747,0.5264906,1.0,4.4187665,-4.2050114,69.21425,0.3117285,-29.899185,-97.2708,0.2539427,100.358154,0.11083537,-9.484535,0.5332567,1.0,0.20258585,-29.33484,-97.27701,0.27268198,0.004395991086959839,25372.34454059601,970000
99.959,0.15386984,-9.481044,0.53238404,1.0,7.510451,-9.6614485,75.965965,0.3294971,-29.492668,-98.06497,0.2830373,111.5829,0.1661734,-9.508804,0.53932387,1.0,0.39552355,-28.573456,-97.88826,0.22443005,0.00439297571182251,25394.309472560883,975000
113.7171,0.15629904,-9.452385,0.52521914,1.0,6.3510118,-4.203379,71.257614,0.25674444,-29.345913,-98.515945,0.24524303,101.978004,0.12167928,-9.537645,0.5465343,1.0,0.3117025,-27.665546,-97.37906,0.31005645,0.004384366512298584,25416.231328964233,980000
102.883514,0.1496838,-9.460562,0.5272633,1.0,4.9741054,-4.3338866,70.00915,0.28862053,-28.865059,-98.692566,0.26924294,102.683655,0.12537959,-9.52379,0.54307055,1.0,0.2348375,-31.598476,-98.652054,0.2575503,0.004392210483551025,25438.19240641594,985000
104.24816,0.14907333,-9.46257,0.52776575,1.0,6.2046633,-4.2415395,75.57077,0.41289353,-29.336044,-98.125946,0.2836575,114.99933,0.09857642,-9.5509815,0.54986846,1.0,0.22389615,-31.044323,-98.99448,0.2706441,0.004393913125991821,25460.161993980408,990000
111.5231,0.14398138,-9.443908,0.5230998,1.0,4.4591227,-5.6028633,69.564095,0.31319904,-29.733877,-98.87389,0.249718,108.04674,0.14906976,-9.532742,0.54530823,1.0,0.20306963,-29.984716,-96.996895,0.29320127,0.004418650770187378,25482.255269527435,995000
101.452194,0.15192568,-9.398226,0.5116793,1.0,4.3524904,-4.139673,66.82052,0.46997783,-27.875568,-98.349075,0.26622438,112.641624,0.1928024,-9.45858,0.526768,1.0,0.31681138,-29.530039,-98.07893,0.26308793,0.0043974853515625,25504.242728948593,1000000
